Magnitude,Depth_km,Distance_to_Coast_km,Seismic_Station_Count,Significance_Score,Latitude,Longitude,Tsunami_Label
4.6948089489015326,143.9954161308039,5.2165952274837935,4.07236959506585,100.8956876307809,5.554305816458947,4.128785892932473,0.0
4.709963315807763,165.49527734292462,5.776727365602528,5.611858732318931,199.82492445609415,5.199682442286228,5.1442754943307065,0.0
4.252633329543469,196.85208588932255,5.7837364087626515,4.767003762231814,99.8600371033211,4.027986820340925,5.430564262654354,0.0
8.83186006244136,13.262490515680476,4.3183350689596285,5.085318564273136,959.997077208672,4.29084571819088,5.599120632484458,1.0
8.909969276955161,20.87485546086456,5.660233822616245,5.162295829946521,932.6243544899271,4.065827537322347,5.743827977517273,1.0
3.9320696499066434,200.6136926957662,4.958650555543031,4.287570346032385,12.249672895105146,5.136610209189674,4.331039471209819,0.0
4.163804880456252,299.39738017817234,4.585192887247885,5.5735934181291515,96.74785444551613,4.778121419237305,5.6268308286417374,0.0
7.97755001663912,27.360907693541236,4.899323326225845,4.167911406141803,884.9376805498889,5.411291872726027,4.075964441920391,1.0
7.644572465100634,7.072845385907192,5.619752830077139,4.765282310131143,925.3690566724247,5.700168042661272,5.402134366219755,1.0
3.6239039487689655,132.58728779380922,5.178676755901096,4.313667399792726,164.24162685956497,5.792970545284993,5.236044557363025,0.0
8.02246840203657,4.957136706312028,4.52981438699564,5.461923416322232,868.7008982175334,4.055450649523698,5.214956789006236,1.0
3.874399766218245,117.63092885045982,4.9891725024052915,5.686964985628571,171.56948309606378,5.276464492720405,5.095431416358472,0.0
4.596112404503174,188.0066306008011,4.66933001996909,4.043283589216472,358.39958067236535,5.081624141596151,4.1353503264512,0.0
8.716737181392471,27.386452356680913,4.869005387438609,5.6311739610315374,923.5454960580357,5.381445788457937,4.827033708757198,1.0
4.046861365291093,107.59009725217629,4.533607564184503,4.174900313005507,110.0307140551692,5.938800225132374,5.224007794662891,0.0
4.73640770576955,183.1508775351204,5.023655521325109,4.6903149282719605,376.19509478769993,5.558726530095436,5.561651666821856,0.0
2.720917248547817,217.8279631755447,4.066571098526914,4.146463008554468,2.0268457989049082,5.442508194859479,4.582458656462529,0.0
8.211296865663394,28.89192338289061,4.472343964965755,4.846236395095461,785.3700130239555,5.898194177856853,5.526493147028346,1.0
9.456196238631426,19.261714402122195,5.863844871371174,5.564129043144862,712.8233819573827,5.8120389115529765,4.4508042295376,1.0
2.6139605889389808,181.4385699371707,5.6517068686779295,4.823529100452754,221.39398143373117,5.1891051247218964,4.587833193781131,0.0
8.050689700276887,21.726847119205086,5.730831763576887,4.632644114018961,803.2122365844184,4.9363555257604,5.401013991357761,1.0
7.756049525722154,26.031268433486314,5.990364241249877,5.478822910913383,993.3541261984171,4.834682946532651,4.088619622476653,1.0
3.07972378248102,167.93526770913377,5.1274353590952355,4.0336666397211225,298.3190813674897,5.589901865649354,5.584431807609549,0.0
2.3642472959358627,253.5481619705418,4.501002849391879,4.674949390073346,337.45520513831775,4.848474490590547,5.632251147307908,0.0
8.024187794359907,0.6943875308119141,4.901435971064295,4.683232124934669,861.1756816010015,4.170795384270162,4.75457144874248,1.0
9.092074309727124,3.9367485533187097,4.6566245470849275,5.1033591275052785,807.5833156843512,4.783203761843111,5.245522384680378,1.0
3.335837350511734,216.2076648342487,4.019332533380364,4.963375537323076,396.29297455031065,4.959912986926625,4.524343103483231,0.0
3.201965005319095,254.00786313642465,4.872974698615414,5.293549922163865,260.33534353476267,5.003796360805329,4.569583978133428,0.0
9.441984297047629,13.299600194372402,5.490160342324436,4.592234261223818,825.6611986738142,4.958892457474011,5.384061390306226,1.0
2.827238781755109,188.99333134701772,5.375210201987587,4.081546548682743,140.06461278721306,5.244966638058075,4.6359520988932434,0.0
7.826131734720127,3.1639689002825833,4.112419115732444,4.96310679425452,906.1265416311112,5.593192482815816,5.515626611388532,1.0
4.211809049377113,284.92894251648283,5.779994965162264,5.33989836200616,182.84822970721763,5.843757586738699,4.109915749300133,0.0
9.317654428193867,9.473781490074675,5.127634961150342,4.057729678916061,705.5741002165297,5.253006614532193,5.320375994995716,1.0
3.062391909043086,247.39591914423033,5.701812644302,4.115995144945417,64.2456105876815,4.559859243312887,5.103061305864566,0.0
7.671300787830821,11.004302842664064,4.8424594673709915,4.458837353031427,880.3291184117528,5.3003562519220235,5.364366332305556,1.0
2.798449840789194,154.30331554661427,4.261247933738583,5.7918689925838045,175.53469523365237,5.3435454527244595,5.862316182221244,0.0
8.217157744213823,21.257799228660087,5.3420249496897405,5.089376186867954,950.6765826678775,5.405096161107554,4.328553131804515,1.0
2.5407009554553834,260.5053069726632,4.399641840682728,5.626102414286616,294.5559160200179,4.486990518370364,4.784256293938545,0.0
8.279055216745107,4.472693061861498,5.405398065634464,4.878231548565279,882.1173977517071,5.4444665123743885,4.906048027202413,1.0
3.5191901139573774,117.61857014237734,5.461524603706598,4.373870690083352,356.0029098776231,5.466063561891797,4.467992957581256,0.0
8.327081045486977,17.237347395917133,5.217024685050694,4.061736265084922,979.7055693703732,5.859305755581112,4.5923486292032045,1.0
7.626298403813727,11.531090272030387,5.994641223279541,5.228763279513507,760.8777657105965,5.140478884891602,5.763062096084012,1.0
7.845721049977454,9.309900214036892,4.113905734591363,4.191951393392226,852.3192892036715,5.2792034970262325,5.009249365863395,1.0
7.9364976650231425,24.213984861350212,5.975546664274245,5.8016739605646475,737.4649939721938,5.058326201911325,5.138146391180148,1.0
8.225657449453747,23.4871243075368,4.776362002091358,5.2866486273515765,814.2004791411757,5.980768355396438,5.566471437755925,1.0
7.982059464671852,1.603665419495951,4.08954474503619,5.445108193232312,717.5521454348309,5.316394816426733,5.160389806495954,1.0
9.297312767508892,1.4044187170268263,5.1453411663822415,4.676231543319125,967.2273901026974,4.959851378008788,5.521064404208873,1.0
3.9563325716561843,196.3781772114969,4.726256885692144,5.11017050094564,355.6144176532806,5.326888787277932,4.865412898497407,0.0
2.6902178633111102,250.341192035863,5.231579597960248,5.1604625741199115,135.2169663988159,5.102675085398152,5.536551895599045,0.0
4.944655213751662,164.5719888338905,4.047991891600146,4.698654071951823,126.0263501043656,5.6107153403235515,4.813484774382623,0.0
7.683929134635028,1.540832190981446,5.1188042317964815,5.435073727025254,719.0989999723023,4.563916654285291,4.735999322896192,1.0
3.235767883682488,201.4637001359298,4.000619463830012,4.65204690455597,30.99122638549221,5.389244574880953,4.578099465891558,0.0
9.450229014091452,0.9858817738541947,4.670248533392449,4.880625951503811,780.7853559426128,4.801624888631499,5.9815243110787595,1.0
3.968043738774519,299.44701431751736,4.888318144625001,4.247521332168022,274.2706545334777,4.229295606044353,5.684564197496432,0.0
8.472417377039685,17.17419683816127,5.249478919812916,4.311080183000975,963.9385622480379,4.786827152700848,5.646419884361272,1.0
8.771473556510538,5.167944430673646,5.809953763563363,5.7728721107107805,896.9599209709006,5.868751359280841,5.643079721851304,1.0
7.530433059381954,5.2153799346945835,4.384822075774279,4.579916643607573,967.7534463335588,5.045286866262298,4.618615330970595,1.0
7.588312098223462,17.30835727931881,5.959606326208309,4.105566701031382,842.0525763223194,5.4157840613958665,5.065771273281739,1.0
4.956155420803717,216.2217043397011,4.547595982803824,4.509635247288763,38.06556003208601,5.387452122924884,4.743601995434576,0.0
2.2384752450580625,192.6488290967616,4.768320366184963,4.4718017333965765,53.468099545880854,4.669655703110701,4.831119988874285,0.0
8.499381205772242,26.86685190980633,4.662786175393032,5.295156981613718,783.8713016111708,4.603088026577731,4.958704578431666,1.0
9.491496454119059,17.19778710792849,4.255565909147687,5.526348771219478,735.596753412817,5.234153060012453,5.784051138059947,1.0
4.803367060288345,146.87431728076115,5.795410452945161,5.2579767744487045,228.6949244641289,4.7249196972291205,4.370217460855691,0.0
7.8452545405384475,5.571635565029025,5.056280114547508,5.147890644401339,786.9278806085968,4.936163242170197,4.363286473115432,1.0
8.03810211016097,22.898806576768425,5.40146376072653,5.631243542080774,795.7900960980271,4.685078459019215,5.078180290044495,1.0
2.23226678999852,129.09652991985203,4.1280001655047736,5.198600778032745,132.79078086449326,4.773540417205915,5.1906215036869,0.0
4.333677427499462,254.96194416845074,4.062799259625482,5.322308539438186,304.3894258126613,4.963178110215756,5.573919365928393,0.0
4.912394447818016,279.02943179434556,4.074703269631626,4.502748014580828,122.44158406304675,5.507243761168718,4.708441356068552,0.0
2.5704615887378317,242.02081891856625,4.504436786536744,5.365397009551674,13.528656687679685,4.8776956194227274,5.928918536559025,0.0
8.496815085426409,12.599573953678506,4.5355033310790835,4.649234484622955,844.5673693811318,5.854367537758695,5.661585445678148,1.0
2.740435235462108,166.18237713567493,5.3028007174018335,4.826625122802221,279.5925610443018,4.014260040442013,5.905739040716167,0.0
7.730867279967018,19.559725615975648,4.9574033637807,4.996703782620921,906.8438781185791,5.916596966142601,4.10593281121942,1.0
2.646265710821844,218.21414192954114,4.9047483540466015,5.492919518443555,110.91634250736936,4.339992593496002,4.019907251426728,0.0
7.652436786890096,12.429012354929823,5.075541555589219,4.491607712555732,775.3777490401382,4.129813392429339,4.1532058167164205,1.0
2.3695756641284906,166.3966789086577,5.845389967908734,5.438978900518817,246.48074342291858,5.457418496950705,4.360759537750143,0.0
4.83049768911178,151.8762746816781,4.903273369366447,4.679356875458451,168.9255511424129,4.179715836000094,4.452676556874972,0.0
4.178543366000046,271.5234999536557,5.33009622476512,5.473114405939689,89.47008482197556,4.04610556689042,5.4497410114281335,0.0
2.564841046691966,294.58696250074047,5.35935173498128,5.0045888173875674,34.186409186058995,5.450621151081401,4.246175706806541,0.0
4.280141617882933,129.3749025937654,5.818954216735781,4.1032835944455135,308.7272848410563,5.1312669028750095,4.2355279845532365,0.0
9.111168498287254,17.83795361846934,4.126335461806062,4.597640469622835,877.3296397815977,5.561830504309052,5.802417471683225,1.0
4.286602318778248,148.36699899089308,5.620606274666942,5.977049334651843,360.66765825291736,5.055051847349198,5.510473062399904,0.0
7.700638998386559,29.16548904561123,5.58403841588027,5.849201980843425,702.9017616540758,5.082205832908302,5.7785800441439115,1.0
4.486274221230018,241.530876623624,4.918692742654683,4.176564997169833,355.33385071150406,4.537335569255655,5.463051230537163,0.0
9.145900640044433,19.9578877296738,5.25587498659892,4.350643356757198,822.7436265622111,4.7196640641851175,4.480645536983734,1.0
2.699772924361994,168.42826345940782,4.4925314479615714,5.800554054255383,99.90760514372612,4.943174132918305,4.925874667154367,0.0
3.625642861318043,138.41952904027053,4.982982604519045,5.81333762923038,232.4064944993078,4.6423585179349285,4.856269689422189,0.0
4.124587813917609,248.37409701939117,5.597226031846902,4.640723940984612,237.93011570950847,4.8935623260627565,5.796477196400295,0.0
4.985155259825017,210.28089498118013,4.223945940973986,5.182124156097979,327.29491480769195,4.119343311364993,4.917256974862932,0.0
2.807100646327733,242.58115807296753,4.442539997251762,4.907675762513961,192.21253726336332,5.526835628441344,4.041965992572607,0.0
2.510886752756101,125.91074755209912,5.764562190090766,5.291067981760297,285.31268895289446,4.763678193122253,4.702631090506351,0.0
7.704884232465307,28.37215265968358,5.203340043527188,4.291291592052995,722.6755277216342,4.89618222559184,5.46347994717121,1.0
3.8550209518398235,212.00087281545177,5.28548380080285,5.06406937366678,311.7953385886135,5.492229714406473,4.026266747419868,0.0
8.900787159270596,26.057268961123615,5.711249132351754,4.358419699122051,722.4038298450129,4.043702754415557,4.397165956452167,1.0
7.7609247228394524,6.999068626748742,5.131455822688585,4.791044272502838,907.3531433732269,5.135781096610811,4.865128998536862,1.0
8.658250370407718,19.898419105734547,4.058587410010741,4.854362324816743,815.6209355554058,4.153479027490512,5.433449565362901,1.0
4.396887575770913,228.90502713407204,5.867786876299727,5.463544050173975,381.5609844517,5.386851604199192,4.0191653754263115,0.0
4.149581528664214,257.62880279358217,5.000529014954924,4.618653548433624,185.3303756466773,5.730748624185649,5.388554234159278,0.0
3.1665095511422,184.39387612174835,5.178120307050582,5.37856816350193,386.82216129132405,5.481036729364899,5.759971383121673,0.0
2.5316417248072822,285.6290441791284,4.475046083696138,5.653372607342902,22.735624431927846,4.279276798459825,4.814021584474645,0.0
9.201625332940244,9.650521400011034,4.224809422555897,5.6453122454207705,768.1662082299731,5.645306918100738,5.791818277462982,1.0
9.400336681526188,5.54083888482616,4.314905914379693,4.790177044713266,986.0670420160295,4.561503901492682,4.65986004168495,1.0
8.918273983118851,9.1109540738684,5.434373779450543,4.245238440914877,974.3674833064474,5.209419587774784,5.451383697829492,1.0
4.780821988346118,219.83941820422163,4.50567240614958,5.616220693228687,39.88944002642749,4.7834961752104235,4.8581455349100064,0.0
2.9833582074852703,242.65060625025416,5.291868369601876,4.36162127007527,354.5045538119253,4.648308805924346,4.471951154238903,0.0
8.520809377438063,20.727534658230983,5.751113308699212,5.4889767798985325,836.4489317315949,4.217763232062332,5.737387789797704,1.0
7.629209296172641,9.25167638704982,5.084339820891429,5.367960665120378,863.8020254600763,4.248320373095622,4.275571041350194,1.0
7.777854959825726,20.85924324280592,5.77745545710343,4.9835879601253135,755.1843118481864,5.289927541490393,5.373319747966589,1.0
3.037478491357038,179.30919739472301,5.959383492871657,5.579695816970695,124.87328672860438,4.495472328070232,5.9438113653033415,0.0
8.494508631896943,21.281337909296674,4.070939170683333,5.517110456933582,731.4068704850963,5.1241562751312975,4.897853418537789,1.0
3.2898192433553564,282.93818494164645,4.679303690033911,4.904628349526956,366.5651672401711,5.552259945228798,4.667199161684555,0.0
3.1687857453158843,236.68531808360075,4.807347315248055,5.00204114403125,201.36164353778466,4.157893929673244,4.821804117977176,0.0
2.553463631493193,198.7577540512816,4.02925707841014,5.04278947252587,100.20063875388132,4.742385973297049,4.7353790450727065,0.0
4.1446112320321555,173.80595127651958,4.658774643973192,4.887867299406225,11.458372524102645,5.979846284841457,4.791033886215114,0.0
9.279192926272387,27.031154932020698,5.87557526091758,4.194108261966756,821.0462425841515,4.531547313634871,5.455651338347888,1.0
8.374048152197346,9.815347140579537,5.287480916754493,4.863535076397116,998.9802736164731,4.2973687847133935,4.373536832540018,1.0
3.502116771481656,111.63060559797002,4.169086670760246,4.722445470468573,109.89801297600917,5.130944263100501,5.885155463785774,0.0
2.3872209959204884,201.5076650184151,4.408807549531073,4.992470347739902,205.3560294112724,4.220868742617433,5.15712011039824,0.0
8.041069688267978,27.744648057935095,5.570589333445346,5.894233006472756,733.6595693411692,4.156984848933813,5.442931200716698,1.0
9.393016756583883,1.3063973353012603,5.515167665438115,4.31957112422714,879.0854188785447,4.823301593603263,4.295456611701148,1.0
7.6244453907576855,18.990636586140553,4.595027010227556,5.882039645394468,772.7821050860357,5.670252326686408,4.332864153324914,1.0
4.377463182110214,215.2617639778113,5.8828513436357595,5.086025020028691,379.1220073449873,4.3997205945483975,5.576410222143263,0.0
9.334813852185498,14.811576133863161,4.709341653220621,4.281158257326164,875.2057539603538,4.695159808715,5.259118111990293,1.0
8.637164361379995,22.342520791557146,5.1906390915657905,5.610541194414502,746.7249279396833,5.589660523208654,5.147834887919158,1.0
9.042760377440455,28.97473273324897,5.523626193751728,4.672219292441207,848.6617038562604,4.503358807720621,5.334797249121615,1.0
2.458484533177677,107.81092368251122,4.651536239286737,5.176185583027914,9.225354798890795,4.407638987433023,4.0896326213416145,0.0
7.713125767482103,1.6766480475922574,5.11570769826039,4.041535773420782,844.7084249394219,4.4774768907252,5.794260932621873,1.0
8.486883401125132,8.540570573983336,5.8170480610010245,5.133312155204125,905.8708084347454,5.268176115228236,4.934717369237838,1.0
3.914144603441033,102.5454563379841,5.005687421286271,5.199735946310094,163.40915830554502,5.510235578610835,5.615023192610298,0.0
8.650763407219884,18.2442882714945,4.091552678857451,4.633075462669918,719.7513226492907,4.575777858759685,5.34121161944269,1.0
7.536218874575911,4.309420952163588,5.993452802115466,5.067506641187572,720.7877948399927,4.307921988208852,4.8510632896017665,1.0
8.967288130525134,27.98868126426235,4.79592075289023,4.6923706154272775,715.8936379907791,4.090662604095988,5.01214779693342,1.0
8.153447366289196,10.259574158639548,4.415771743838751,5.745133036715927,904.3462216991338,5.339491614851278,4.416093308532538,1.0
9.046962406757084,17.007898565390537,5.650828875147622,5.1451309077953775,923.7403146298032,5.4303439052191615,4.4957939455017515,1.0
8.428533804852227,26.316100322820144,4.968850941668798,5.506899420484211,707.3242944466666,4.782456442566966,5.876366304089018,1.0
8.966882987621316,4.487691087400854,5.8849156770665925,5.4976783769237025,879.3046384083423,4.230939550355776,4.164692991491573,1.0
7.54858540679956,22.146567166210264,5.089746568571471,4.962987357098789,965.5161259089897,4.843716784734994,5.684861604300894,1.0
4.528296308450903,161.92666474167862,4.683515204597126,4.113430276564451,174.98952910833637,4.43492068720779,4.812549601119173,0.0
3.2315987793676304,296.0923270219661,4.129747275670215,4.484831825089728,89.65287186403148,5.795548136510102,5.697473985186348,0.0
3.566729754700652,101.62376140739897,4.3091443029495355,4.538876981496183,295.79343424853107,4.295286985274318,4.333132500168812,0.0
3.731404504607773,138.20903213105908,4.090955902612074,4.690041333220933,258.7757796322554,4.88867033416594,5.980795592183929,0.0
2.317637064421407,201.97553095208133,5.803171252419726,4.689346282025095,16.06712558023249,4.014620977309882,4.1073043280193815,0.0
3.4509511375284054,247.09145033508426,4.869918212702434,5.26896014634696,101.33934578914361,5.658850808372664,5.914981062042442,0.0
4.768619523463672,174.36986054079176,4.143077643780753,5.901936372904799,190.7871564383778,5.960897797272786,4.770281472623159,0.0
9.030486645721517,1.4954062234336296,5.860508639970112,5.212248777765955,730.0513021604299,4.993754783373591,4.863866846726953,1.0
2.5927921545232384,158.35892934474504,4.288378927812306,4.398483757169236,312.0243692872673,4.979380084321763,4.856351374924301,0.0
7.816339780818852,5.535359867961347,4.000660318518953,5.427910846484103,830.4807701090227,4.548049388076972,4.804836988513964,1.0
8.284711920963119,27.17316287356579,5.290936851036335,4.805999518107204,761.3445850751739,4.654514747399329,4.152888017900565,1.0
9.405609171127882,11.740540161017398,5.540223304460571,4.111094466975292,839.9840868406377,4.224227296676393,5.245156980442598,1.0
8.293157122623155,4.589873600345235,5.14379793532074,4.365547805326993,993.3873840863514,5.979869902926,5.8769329252355265,1.0
7.905938828328367,5.871402447847957,4.303413231007797,4.109243072978076,826.0384236986854,4.988200831516879,4.277094884889388,1.0
8.149585741576631,12.440631289482948,4.152786633590612,5.701044219209949,722.3857166706125,4.113774876712299,4.760888903531923,1.0
2.5401496999003563,112.760948819587,5.8506561077283274,4.5087190776127635,317.1928942899351,5.98571755036926,4.596988225574737,0.0
7.742844244662525,5.8228361786881555,5.582683048039273,5.6756514398472016,931.8800621079267,4.459979226582891,4.018188360604839,1.0
3.3438260338471584,167.50976262006503,5.430706425000411,4.48732202508369,28.41106320051243,5.011852508984341,4.538372880343374,0.0
8.08317074702439,9.59331867146699,5.97984298254988,4.98082072227361,876.9258563596317,5.0904221576348005,5.491482273102806,1.0
2.8895651611734383,129.3587518873926,5.867908263590476,4.477377762862595,328.25927201975287,4.583819227580687,4.789681999530043,0.0
3.3661032005106906,110.69314482512569,5.511428267202169,5.304029230678262,225.48088776727667,4.6981939729881645,4.037111078139721,0.0
2.3778272490575683,299.18132807726846,4.553741033930313,4.826108695906796,120.25076261545942,4.816028333996537,4.296820246765274,0.0
7.835405551979454,1.213371843690022,5.291370650348481,4.982827509245763,814.1938440092372,5.54800662581952,5.8278443981326085,1.0
9.12420907772818,6.687565850575216,5.819077139826778,5.154404472251915,823.0615015850597,5.70581417545083,5.511215427003597,1.0
8.98936145284906,18.03388229790806,4.208020595456281,5.953174678400769,985.4644341030219,5.709347740500603,4.747235544620616,1.0
3.134461903851081,280.32883555406187,4.628180910467156,5.052997054656482,251.92399428244707,4.4419963150472705,4.96292583527477,0.0
3.7564100870686676,108.76940374219264,4.45292120751611,5.855542196813638,299.64198455989913,5.046384507217386,4.571317339165765,0.0
2.815341503573592,117.1582176524073,4.653757579530639,5.4309019272982475,368.7338039868429,5.991772551519432,5.034311940977916,0.0
7.696622920474475,20.641114006593863,5.929160371603306,4.986587161125385,845.0407192970054,4.209607979079178,4.609392680172579,1.0
7.711470535852901,2.589548204584935,4.722976859930496,4.136906338852086,784.6202873632831,5.218923172021529,5.593545721139691,1.0
2.3531545972478822,279.1767674135094,5.771765475143489,4.737153387676275,22.45263520842893,4.002291901256513,4.568840647807583,0.0
2.2977804479275847,115.12031777893581,4.516087788073431,5.413688714858196,351.0677071407044,5.572336842898743,4.716645857178767,0.0
3.444682903332038,131.75525725745246,5.47643360027264,5.60911742893726,368.7020980107572,4.709449935895055,5.217734189258466,0.0
8.557030342319521,12.774514395351046,5.960000831198663,5.932552503794792,991.5541162842366,4.908152288624684,4.907483518188603,1.0
8.883804628167242,23.692964633839992,4.639391373332501,5.020750813257724,753.6328862651461,5.052285519378293,5.70287007571495,1.0
2.15291620645667,201.53199929024618,4.698529811695278,5.3445430152683855,293.72386664344185,4.951966109721094,5.052827220789757,0.0
4.118122951874505,227.01021404049783,4.501092117862257,5.985574036527173,57.66402415534784,5.247814065715793,4.223719892692645,0.0
7.685960552889583,23.563350925567182,4.919644861818358,5.500309647589844,937.1477068744991,5.286322902326683,5.015554572139129,1.0
2.2916732537792743,285.7448395984089,4.856298883984704,5.468894555597376,155.17403027154774,5.906853966801626,4.607210094174185,0.0
9.148950092489004,8.196054950189462,4.9751307265578495,4.338572420545579,819.7717509007538,4.038252701247461,4.802459999223384,1.0
3.515191352539988,290.28110314203167,4.314364943216747,4.517237542620952,45.95323643151556,5.122097470733408,5.819227593765824,0.0
8.559449893617336,2.2436449350859555,4.95381085106455,5.029552844000907,876.647467974488,4.91555870253128,5.497546643643616,1.0
3.15114604850098,270.42654392387726,5.970689437374621,4.520975158114698,231.74544693061893,4.451905421706508,4.332838875863206,0.0
2.159992369515767,188.6514682718669,5.722949624685389,5.197446682113461,197.69437056304514,4.052677403497104,4.097823650556974,0.0
8.521861153188295,22.56140783417583,5.7908906275334155,4.901242095860551,871.5128955875394,5.558190511625992,5.763295909149621,1.0
9.069546406284768,9.020735601712262,4.395709299355329,4.0495482538687675,841.2073652921338,5.828462752688325,5.559685162038633,1.0
4.776064721297354,274.8091828682328,4.683096233846353,4.0715493814280155,395.64080581572784,5.4373907742950776,4.4847957525037785,0.0
2.324448794039788,235.4869368892601,4.299632572092206,5.124897882542838,392.9037631482811,5.267946816880884,4.711521429988605,0.0
3.150545283530915,280.82158109152715,5.151500167040621,5.222661506605705,325.18119345888243,4.793483942525479,5.61748445804224,0.0
8.157394774434527,15.662514274868295,5.1110147046540915,4.086439874509915,800.90219155623,4.2914823517479554,4.491410184969351,1.0
3.2585022206340155,231.0931402952859,5.101531452744306,5.363994894561467,280.2689379384639,4.638422071774545,4.802019639545934,0.0
7.918142570600699,14.979454442437346,4.675802851550126,4.464257204206212,706.2292269173383,5.512967698199833,4.093036992690138,1.0
2.1949707810163055,163.93389424691796,4.6261663387027046,4.193784322328336,117.97045353812506,4.853250746952789,5.149406407838976,0.0
2.682374331418762,271.5222470651115,5.281942648244275,4.780226426867866,1.5704227957061612,4.0195444628389625,5.973551194771115,0.0
3.664683128525628,293.09818768755696,5.365283602890122,5.583065237333784,76.99230710816866,4.72079681023903,5.134679859137871,0.0
9.46698641159955,14.462680335734397,5.949065107324749,4.478051273607338,807.279857705938,5.21912164380962,5.752612059333588,1.0
8.482956468836893,20.068592323719113,4.048929405517867,5.254891219633884,801.3988093935768,5.92037686001985,4.885716619158838,1.0
8.132949063275717,26.519776502172263,5.7748149479379265,4.651333464556188,743.8496061435512,5.989699614123586,5.32023888852626,1.0
3.618123676472083,246.08725887073825,5.176223140911205,5.715106254199826,23.45148016903358,5.836153124537283,4.584745168660509,0.0
2.3235930153327273,209.198827084595,5.1214863920308344,4.012976167561053,331.5289028421527,4.539272330433352,4.353246852049183,0.0
4.859547790732655,115.78065451691644,5.51975740807758,5.349592859203112,171.7179671444053,5.893263491930675,4.646493567888014,0.0
8.368000033190954,16.67168607374675,4.753987658420909,5.806629335132372,942.8332131635904,5.97944626510943,5.216815843878959,1.0
4.4063493414887,206.93335097857647,5.672619750031343,5.127848915841927,277.7059720250454,4.153137283640232,4.212728266054331,0.0
4.77186472947479,106.10839562994767,4.3537264241878315,4.160082648182881,390.19279697910446,5.562086242153936,5.492837879474678,0.0
4.705964282879468,207.7339919370866,5.856264372030887,4.515595324328252,27.200113459030952,4.357385904572626,5.88191324251787,0.0
2.066048347001356,274.31943019031223,4.039439464408625,4.2621114868433345,214.19988616894946,4.264997912532573,4.685778659192112,0.0
8.578596527668523,9.657322907454654,5.767752223971764,4.684945112471658,729.4283098722944,5.557154373866534,4.095095217762327,1.0
3.890156606448885,264.9867675281589,4.226921003049538,5.25736866684921,248.09202101390247,5.168077315653243,5.758498086155569,0.0
9.464937691573388,7.552763963662609,4.863108579906214,5.65378646765118,757.8371307457318,4.03261180357301,5.748544053183033,1.0
8.713719407205895,1.8607462605834935,4.719923049766311,5.30295217585814,999.6478178542745,4.911426730313657,5.689112751424321,1.0
9.405640123567164,26.119934328562678,5.1507401296514335,5.236304580519114,908.7683954390136,5.3649008403808,4.552758690631799,1.0
3.160074483916364,290.655278155746,4.191327172837683,5.381013264022272,67.44272251580571,5.639764262518895,4.253242243381546,0.0
2.4231399007511816,249.18338759971127,5.886326104920879,4.203007716607071,279.87788038294605,4.287731485613688,5.468984801222102,0.0
8.04222352387086,15.216410450342693,4.495751144647901,5.085893169143683,847.0272073643084,4.737795887041187,4.935552529972069,1.0
8.371679277869106,11.156415137657737,5.988123966766221,5.565241578154018,915.521883309508,4.126030781385621,5.149418405735151,1.0
4.03143481198749,189.95558831314065,5.295319171280589,4.343270034830746,298.31286320050873,4.817351957584394,5.434655574081739,0.0
9.353881246240217,9.595077698759013,5.392751699741131,5.574245725878884,905.6016345764069,5.192197055340191,4.539675209635755,1.0
2.8141070450751693,144.1291889357914,4.284213919665165,5.385154758793812,376.85864122647814,4.2937437516664145,5.150881853061331,0.0
9.409507357891915,19.561974590558332,4.092897634571523,4.402368284333304,906.8235125291538,4.843363293705789,4.835521343249084,1.0
8.757262431137786,6.855754431202331,5.394282700984798,4.717065366739687,950.0603701327772,5.439574524936569,4.653916840540353,1.0
8.364009177618307,5.707196514263969,4.8792846410496935,5.022885667835246,905.4014882247585,5.4188055394386625,4.864334510347971,1.0
8.2306785272214,7.251411962739539,5.936596629320339,4.223099814693715,899.6602000510042,4.956873676081753,4.1241021052708655,1.0
4.055483601842559,250.61727888826587,5.535013390790728,4.649773212962438,392.71184131119577,5.846451756972465,4.373388594922824,0.0
8.919534567883106,20.24225182314265,5.217143448612033,5.738094204953634,701.008713496881,5.946614159000753,5.623621538878389,1.0
2.709211876859344,275.28169771589637,4.476244142855499,4.490193835057273,273.0312548360331,4.591104997270435,5.12149415574753,0.0
2.2063118059134434,136.9529976842714,5.644365811633468,5.457130423266541,197.97292973569446,5.070058425537567,4.538520632941955,0.0
3.504491286608191,141.23296892624143,4.803490410849957,5.7200335058190905,370.42454911470116,4.061454359300999,5.800810637130135,0.0
8.03830728194218,27.94617990472597,5.712299145191883,5.860961639159734,953.444815771643,5.014005980992344,5.754317416540106,1.0
3.909887355335146,107.08379465617274,4.156208608041826,5.935508646746243,329.9345108615032,5.501579349897016,4.281047448360171,0.0
7.815268463433636,12.646852683507587,4.987538982745323,4.360543072036752,999.3693558262651,4.365277951403597,4.071006737437265,1.0
8.185084331318702,27.30681597847342,5.528865724740384,4.182833098229035,926.5505776885983,5.092309182414393,5.868749080765003,1.0
4.552792482299723,290.0768588758235,5.099368511706473,4.676221841472264,184.35251067718457,5.665008800064709,4.201609569737116,0.0
2.354590431544956,299.2301581060273,4.38458344646216,5.188996731499517,42.45786112855674,4.802902015224744,4.459739182404508,0.0
9.18505410257522,24.85654225395124,5.5973562118152635,5.997295769868441,814.579736760756,4.950294360313765,4.626655664302631,1.0
9.30426773689401,25.40176226369583,5.299161889235678,4.697093303206755,955.6443951556028,5.138983677040019,4.585625710209569,1.0
4.939161930361433,244.4295037485593,5.06980956837959,4.84046526560292,36.04131188689132,5.36339694016567,4.55871264648152,0.0
2.1797141030100913,299.21339103895934,5.558410229477767,4.880437945942004,359.9392024028406,5.212178681113073,4.0920662722834376,0.0
7.819154465573427,15.088018112497465,5.290981078332706,4.086691239854652,871.5975835920125,4.7248212836266035,4.744853502351937,1.0
4.467273153739425,137.27304618610344,5.568589409577453,4.076263228182945,344.7867024628432,5.223475811684944,5.1979332726477505,0.0
4.787746745729407,255.47462584210976,4.335757802165693,4.309350606255825,41.99615005005404,4.7183453011186005,4.474953390011248,0.0
2.4060873852807734,130.1756093649209,4.234082965376887,4.040498759580184,234.70670553121096,5.619763171411422,4.239556759767122,0.0
9.218076739092599,12.28676198750265,4.785874610055613,4.873445116311333,721.2656517427379,4.317675390764031,4.705612018531811,1.0
8.844868803924687,14.799788303896404,4.352134072075315,5.963534702395931,757.9116223881333,5.575202292923288,5.691923905391912,1.0
2.977993755606808,204.3569533429772,5.358255474801746,5.715011479914512,287.13191045635654,5.025167933868467,5.147822812066796,0.0
3.159673621194478,260.1773540958359,4.913632652412639,4.677488988487344,20.244336302869392,4.36128746644939,5.477114081267113,0.0
8.464162316464547,23.912979212020357,5.263472353646822,5.334003065361729,776.5606372046793,5.283492885002115,5.341375529327323,1.0
2.110184566717747,269.19187308460255,5.152919712918468,4.0028514565750655,376.61449841539707,5.464735800294632,5.7215897797203406,0.0
8.176433034365012,13.628032296078676,4.952465627034325,5.255249401846106,842.9337208881486,5.012340171310405,5.967196657756308,1.0
2.064769733428026,156.84517012750848,4.5256460524247775,5.934031977597946,141.79582031301194,5.060821375950807,4.740458971649947,0.0
4.352284101739544,184.50667097699534,4.816386163634836,4.804910356557939,196.5816574272208,5.839802732873842,4.421905438505506,0.0
8.54385990560752,1.8010893900707603,5.557028589705115,5.7031022340987345,905.4605020080542,5.56967449956527,5.781280772561234,1.0
8.995343540160317,5.340478416645787,5.281783329674414,4.152202111666725,739.7646337314624,4.348128274814616,5.7657706132903686,1.0
4.771539872578088,237.67063990804567,5.605096606789159,5.293720448034444,216.58913096523486,4.401287365914391,4.857291138630366,0.0
8.60632655934278,15.063842873568747,4.119088276004993,5.347730787839376,727.4776102433406,4.776322895920634,5.922469407784378,1.0
3.140317996147412,239.7230612022242,4.513065235221957,4.749306183306522,59.87100222817951,4.382366078194632,4.304119455556065,0.0
8.797597249157777,21.28703149194183,5.044096832342517,4.429792867148464,990.8390588637496,4.345509292023934,5.157023584818891,1.0
2.086735469799672,279.37564836598955,4.916935220291448,5.167059097731826,390.4380716445954,4.455620581352263,5.400954939380283,0.0
3.0739034766789968,159.17023304240882,5.844240871922436,4.091453229524546,4.081674914098077,5.943301209238986,5.483566661779406,0.0
8.335210494604794,22.157131159046813,4.4441303490827835,4.738029398691891,700.2996976800828,5.363471904131222,4.544437601679551,1.0
3.402974372564123,105.25888813367735,5.149284141243678,5.546522304159977,359.4447230536889,4.059543814814264,4.86134714296491,0.0
4.0481635332059085,125.3051352631156,5.708845920655237,5.233676753568484,199.19605110190744,5.757243193615145,5.882579900788554,0.0
4.68931230715621,298.27584368965915,4.193379432675486,5.469308995706128,313.78458675735163,5.712706697627017,5.657488531456954,0.0
7.604955361658808,10.399190831096586,4.94452692159043,5.224094159315511,889.4497320020492,5.841475871386113,4.943818219829176,1.0
8.929538716998518,12.434301822227077,4.089320057754447,5.75953387581913,864.6376937109653,4.280051378939771,5.327390277824765,1.0
4.99608275909133,188.8129474788504,4.051094802243208,4.5198329477154475,283.59005837573557,4.066392630131124,4.259785652597511,0.0
9.477006139856412,20.18892519335447,4.882297650093603,5.090381658180593,808.4666487610784,5.676965381131648,5.914213105712065,1.0
8.659257055166288,1.3623046825111107,5.702852788830012,5.9982991335573175,899.2653916836647,5.424788603905976,4.3574402584117955,1.0
2.445635454529943,252.48392432914468,4.9879499766105315,4.830964173399207,204.83138157507162,4.866638980465794,5.9429541405405475,0.0
3.6612675090136957,201.95008232275345,5.579398860631029,5.416303375481203,399.9485753096535,4.325200816807397,5.219623315957403,0.0
7.620803737585854,8.67815081173434,5.726374696736112,5.092288940926754,757.9108486642963,5.986967043412498,4.122205912973207,1.0
3.721232727633759,105.43226029073067,4.345281281560583,5.4081993687949,361.63268341652326,5.212354611563535,4.932382072657877,0.0
8.753791359621435,6.876186334880731,4.708009886362485,5.279495424075359,908.2673467548177,4.710471034661005,5.7781731666537315,1.0
9.36066286639291,19.189928003695258,4.406579110871912,5.215976462393075,917.3088119689655,5.797622186054843,5.335057636448339,1.0
8.37326264178832,26.069982238554083,5.02303027216645,4.755976232419924,802.2657173407554,4.776927285221993,5.467660238842912,1.0
9.42710027632611,21.899949329699112,4.008803218007572,4.604097730978681,749.6659539324081,4.481097696429174,5.291381336899077,1.0
2.3307334600416993,214.1141418260776,4.5298617724448125,4.860785236032151,368.7465742060104,4.131553406822289,5.806413335831579,0.0
4.8755558245442785,255.51500540781004,4.391650097710316,5.758652998031647,5.5923167358047365,5.549446858441202,4.949296315563609,0.0
8.93227012630714,13.752414953765932,4.317083071183221,5.0464360399345844,879.4758791551155,4.888770053276112,4.318920195573535,1.0
3.2244939947046647,216.11340471815754,5.760696391703981,5.816765094742528,356.03936967506803,5.635165375698672,5.221562712155895,0.0
2.0062419175288575,181.57259268513238,5.993525169972818,5.269990140441847,328.8579518281492,4.443218376478302,5.485633381154663,0.0
8.25525816028029,28.464024890329064,5.063963599810002,4.604498789826395,771.8956399048285,5.863214990295322,4.065821593909878,1.0
4.112789860461037,292.39437395481417,4.14250537064273,5.034096709380266,322.61808984968195,5.192759665404731,5.677155332742849,0.0
8.537036265219426,0.6641748882643772,5.491502659968554,5.360398246967808,787.4401072292011,5.807952343753154,5.543281474390604,1.0
2.4286638025768017,125.02323192989711,4.032117645360227,5.43857560030456,263.8663726762993,5.502307407291157,4.326644819428617,0.0
7.731426599137939,6.054588245932887,4.219195740670254,4.052569544675214,977.8398516319701,5.0372925788433385,5.094230216657271,1.0
8.43482100051493,23.978514230029496,5.751867850890649,4.211285697740484,932.5428292136016,4.918259815550873,4.1274466533774365,1.0
8.901964012043655,18.950693616796876,5.759415964808106,5.304227957247496,795.9740905420904,5.56487881899775,5.094078287241312,1.0
8.435579540945083,14.026207868006075,5.740286011103475,5.57982340044561,737.1075496202137,5.7844617198977435,4.297398636595096,1.0
2.199715841907305,101.1266556762765,5.425917631119052,4.85940161408632,104.71600044108298,4.997248926532567,4.943189344553588,0.0
4.442681984219213,297.0950798008864,4.088590861993985,4.578898388608739,326.67149571036936,4.936204088899211,4.030999833380642,0.0
8.222181157990585,9.929282083124138,5.8741092671315505,4.3638828034968675,881.7558905151687,4.846478882980373,4.847825174975265,1.0
2.914986554908057,273.72545309590635,5.500168149897324,5.746318574765652,334.6869461898491,4.7004038506259365,4.378547000335751,0.0
9.240483316494004,7.4567312105022125,4.50541571941825,4.431002311667531,960.8377308521212,4.162149832294597,4.631570766879758,1.0
9.293926243421234,4.0772214687809685,4.782872040445711,5.25041664348586,999.7898427890495,4.150515202616411,5.6469071289408,1.0
4.529550879972053,209.06899680030898,4.106833343869021,5.8290575272737275,383.8795202204018,5.190899862938593,4.324958306753807,0.0
8.722861614455777,1.3577494161165438,4.781124204854064,5.627496591135095,765.7200465578799,4.72249938914721,5.324495095042961,1.0
4.581051004425669,205.11899796567468,4.514163643702736,4.217614780460131,181.62610253280485,4.4316223728373165,5.3588946716331955,0.0
2.667158528590665,257.2727873204826,4.7312843254084225,5.493949209373541,225.46721803731947,4.5133970929291305,4.682824505254897,0.0
8.892722533832945,26.311158871299135,4.015182832347828,4.865320215381434,772.6917050999264,5.029975709455666,5.243712170969152,1.0
4.685884442469017,227.7421163525749,4.9909431261306665,4.6998570675428155,159.0063006164942,4.526966754285806,4.858511749191674,0.0
2.5677059328478102,219.11014024649717,4.7953622702900685,4.964950888835665,266.90385839293964,5.9636160454356535,5.3594172585581905,0.0
4.376317338244874,236.27311511611194,5.557304302149818,4.689965691391757,397.87605198581,5.256586456963105,5.764108808557537,0.0
8.149249447956889,6.565040327630777,4.5069382824857875,4.216962515132831,977.5464455171631,5.7678367928685566,5.686086873343407,1.0
4.408599117192638,222.53224943039982,4.075833888147267,4.091840112182526,302.9367122690205,5.931021649135866,4.739505015946056,0.0
8.651523767432462,23.229003533404526,5.889418101650825,4.696990696492006,821.657566437383,4.977027279991506,4.455397426851652,1.0
8.543082898387027,3.496400631455925,4.122275260024447,4.70150642949871,966.8012836064345,5.388463757646274,5.861478792724825,1.0
8.14173009004794,13.764069460748763,4.604382053856104,5.130452762341662,834.6222252542518,4.122813166282244,5.427782938656226,1.0
4.649615605620387,189.8873550616091,5.86773407970264,4.035179832425049,37.238399417206836,4.470311140016834,5.537826420182523,0.0
2.864470848385235,276.41010339319314,4.3621614046158825,5.564388072092905,315.0834923545675,4.354444766612939,4.6227526738106475,0.0
8.40670707582839,14.779926774915861,5.143364652198542,4.632667818377104,794.4351447438431,4.108773932003144,5.0905068925239405,1.0
2.098203021812656,248.51402214849122,4.0701752224326,5.512589847720788,138.72295972716154,4.649128568510953,5.914983115741903,0.0
3.334408973109899,171.4132277506612,5.67380689063331,5.992484197234042,86.96673370210269,5.5647661864471,4.6605740249842205,0.0
8.289105556787291,22.254387277995452,5.974631098397257,4.961562835898227,953.5755387271545,5.478672391792002,5.051577687071093,1.0
4.051017565218521,147.03404782492237,4.5187832148417115,4.186377571944625,174.3737963564513,4.459469308237058,4.788483975669832,0.0
8.05591631426197,24.454337922773533,4.010425036953849,5.134878502528946,992.6471494993167,4.651292984374907,5.28242998047005,1.0
4.02096299234673,162.59783649877522,4.28209938049968,4.587055908335899,394.32604232540626,4.338798251265215,4.416595446169383,0.0
2.8279491010135724,291.62270577986385,5.599782608537634,5.309044538021884,94.20578062266513,5.454185458448472,4.163263299702677,0.0
3.824211343097245,216.66409564875417,5.5470383804842065,4.032072800061291,252.03753978216463,5.394651540635832,4.707855353150608,0.0
4.643510265422523,132.91257532396406,4.1019480715833225,5.890716268913065,115.13373612060471,4.272902236540917,5.861674063119821,0.0
8.209602838562747,2.16079997191009,5.3066798488376214,4.6215233907448425,902.169561358216,5.422454562941005,5.849479130398927,1.0
4.437106408621342,188.67913316668816,4.7418468502181295,5.391170348607089,288.38212419346894,4.812344025822972,5.3129407877738855,0.0
2.0362940650953565,283.01114595523086,4.272455556636898,4.374216845834506,353.66826340435443,5.797413659149586,4.341287177504211,0.0
8.707601536024377,1.8931567457603526,4.4114085899531394,4.791234931586537,822.0916584733275,4.9114125688405945,4.73379132373075,1.0
9.29432438965523,22.36841715528732,4.24288523145675,5.493696242592236,744.0571445920607,5.106979861000868,5.738365727961021,1.0
9.33249760656527,18.71587624851988,4.76235000193036,5.4588879766530995,820.2679954799879,5.971038713805731,4.8596914874127,1.0
7.506767973147955,27.0893017085237,4.530612740240838,5.394716133667541,883.2782868364086,4.134847732407364,4.717940859374018,1.0
8.694248754355097,12.763473496554509,5.515053988265689,5.9273743319133025,833.400241251615,5.467872909466569,5.417410401098006,1.0
3.287516083277186,144.8694372743529,4.1673268201023665,5.81197581251783,270.9286351845897,5.008296979456633,4.22936248475734,0.0
8.880466666829047,14.786375386322513,5.788215196795895,5.690670244045284,859.2277531557475,4.689924169518465,5.453512114796472,1.0
9.035350866074559,2.700238213378159,4.355239638910405,4.8487535340277566,787.721348068154,5.380786677187367,4.877474415020824,1.0
2.7430606353398037,298.3912741606304,4.141815844663683,4.719273486358005,319.54018408025377,5.074620518007221,4.614164826166682,0.0
3.337465346215038,292.7617939241999,5.735987866672221,5.821355479836609,111.4250853798942,4.007097983729542,4.469812522262477,0.0
8.745375627393097,3.224142119060438,5.7513987458851314,5.922558484734773,865.5639826355917,5.017480578860284,5.421751255167084,1.0
7.548862618615376,9.794829829897548,4.220886253882302,5.671702642359909,824.047387448104,4.8199594517731335,5.430458579552596,1.0
8.93173908716647,5.811863585897679,4.624463679241471,4.594181937560641,836.8729077538883,4.313538874670004,4.131380858681293,1.0
4.938127458999364,186.14839497625906,5.092495935205777,5.875584573573564,394.1619133922526,4.214637320948031,4.613347943376152,0.0
8.961703546370932,24.956112280528913,5.815151407926533,4.9783599230940725,973.3508753545063,4.923728918000339,4.82061122711983,1.0
2.066661918559815,176.80300594543684,5.896489071444937,5.693401446700802,388.33896059400377,5.964979663588124,5.521926635521617,0.0
7.995300196949209,22.3224133231518,5.6820552755148235,5.893579553450318,979.473295905573,5.842572823360214,4.2625244221857415,1.0
2.4833297155574994,118.24847882274419,5.324254697708498,5.510998137393575,22.955389842836293,5.441352718185037,5.9843028704600965,0.0
8.540784451985925,11.562725342599329,5.010670641954286,5.2638659257028895,922.371309141158,5.109684380743216,5.773867859418407,1.0
2.566219537095522,297.1332046049014,5.8706845627938105,5.458075247640377,50.39114432766731,5.216982173127233,5.25467422085064,0.0
4.139117825775895,198.93365644546867,5.446068861701591,5.806026078336185,37.64318749502378,5.596250096012859,4.288502628233183,0.0
8.137407798056435,2.526403622120611,5.513559613957074,4.748674125920393,725.9453326454916,4.6420396211018,5.650873831209997,1.0
8.913121628645996,18.407942063082345,4.134370393047803,4.011866993492113,958.9077883360528,5.8378694862209946,4.026244251123267,1.0
7.924086724385919,28.83623703668579,4.94532945872969,5.184214426942086,941.2880391331342,5.0110834468594785,4.684153591942142,1.0
8.605411532325755,2.2013516923132794,5.5006248767594395,4.8186859276578895,715.0321089819905,5.861407986384948,5.61915852182997,1.0
7.892058403407015,13.13958064685898,4.725233903170924,4.000504908981124,805.4077042995343,5.281904439696351,4.164543781352413,1.0
4.031122055443152,276.96593902913435,5.755196746322838,4.785615433905077,179.00027904698047,5.868153698542969,5.758063943752942,0.0
8.561274513331304,18.406779144345418,5.084083969107898,5.509079065390775,991.8777131226699,4.981614498905405,5.3417154066613906,1.0
7.516105243250562,26.470428355192613,4.9440149642346585,5.203528884220939,968.9093686243291,4.14968564294281,4.2236796096832245,1.0
3.609116071172377,225.20889409314333,4.723381622600506,5.961184247609575,100.52518349017747,5.228016678077875,4.4858193436433,0.0
8.275642177449752,2.0119688562412694,5.742028574787499,4.541772110052749,971.0593677738377,5.118021785193683,4.479559477688095,1.0
9.224585059108422,15.481854670829312,5.133900951277621,4.982089643544755,965.6797284549506,5.713967611422752,4.061505881019433,1.0
8.953141416655587,17.638267151647938,5.767803629920217,4.671708631721664,751.8266181972168,4.738957447267467,4.190747615796055,1.0
7.625952880293322,20.050900418563266,4.8827351206395795,4.543197847160796,895.7529978360259,5.7479988510757885,5.447358736185615,1.0
7.810188541721419,24.140873551194975,4.903717330268481,5.2968478635431575,773.2870883611494,4.557454013454248,4.68310246371021,1.0
8.998016108496957,9.410929142097078,5.84439944767137,5.983749089364622,883.1426534061036,5.585182280393088,5.698517252999293,1.0
7.820952952634084,15.746708482654517,5.6738787165821005,5.69733735123742,920.610294919758,4.530648140129334,4.9011942582072,1.0
3.531186867560297,265.83028063103063,5.622032220525312,5.689611334072001,387.1148767733797,5.766351941228646,5.447742076629434,0.0
2.9909830680996627,299.31134784694984,4.9170975429588,4.3915676137208095,310.8914080006631,5.619568053476628,4.934246185386279,0.0
8.23276678451317,2.119763780231587,4.761132265894433,5.466556591735303,902.2630481162943,5.11126951440994,5.989899972243884,1.0
3.3788350153208118,264.31767229716274,4.461269291322827,5.0305107282251535,153.95178435372605,4.535992897590727,4.180147725893782,0.0
3.010949367323752,224.6517951385599,4.231609778694816,4.316122600583299,51.86016019645145,4.313408695591896,5.062934991914826,0.0
8.42700313233437,28.59203358811375,5.529299223180715,4.159594093118915,880.1672968181888,5.749453010442417,4.898261131786982,1.0
7.6647634781568215,28.596480915185587,5.35910372457037,5.62953736269405,857.450054140413,5.2159143676200905,5.945255482792838,1.0
2.86100053723691,268.81126655742713,4.58280453257649,5.966032861412296,313.0939365428111,4.786354063175201,5.993122839027714,0.0
3.7875981605857896,206.95737508662302,5.815261906669414,4.403881729023965,363.7996171762864,5.630366464585506,5.1571508227664475,0.0
3.368887649383397,124.97029568665687,4.847715788338544,5.429444403618852,18.656580370324427,5.951578672688229,5.317555356975409,0.0
3.1137048034223582,191.40505609618788,5.75864331853012,5.3665532208447795,141.49530111196134,4.045123301514655,5.56398857102212,0.0
2.027666820761681,106.44807399931089,5.263964185966612,5.9116234863487485,250.356086215531,4.584694848430303,4.040540411346106,0.0
2.312833273494639,198.90049095918442,4.7422393824374645,4.7630553893206224,237.93215094359468,4.984845378797189,5.416745992045453,0.0
3.1223154048689192,212.73173992700305,4.752330220862156,4.560530600348857,371.270375626494,5.522423030330948,4.9592275083281665,0.0
8.807835576546694,2.343642923692326,4.594153915592946,4.09856040289549,939.0977871937216,5.901363873614165,5.44838489330831,1.0
3.9064490466394646,294.20582624901994,5.131063753848116,5.940587465497504,362.4550350268937,5.97917414828134,4.467735487274752,0.0
7.6419783823027725,17.916380825579797,4.781281309608678,5.25389571048351,829.2980026204509,4.232491505379876,5.901682068458223,1.0
8.497052248292796,26.698803648459545,5.3149427377123075,4.744847392350014,801.8326617212153,5.182310009245478,4.923838586821275,1.0
3.8790966259287734,209.12872366486266,4.360966016136265,5.032466195871658,132.8716999613253,5.0019936732243915,5.309696124778256,0.0
2.952674418859054,267.8806687789011,4.244468385709052,5.31227408816404,391.199917424516,5.506375407696348,5.544815444246483,0.0
7.752981918640509,0.6048414635368227,4.9342073846285395,4.164403178963868,745.678039033563,4.720041875709007,5.079045887025299,1.0
2.3670944862980727,173.59698138754158,4.209516519076996,5.557349329788312,257.67123606775095,4.460108735493794,5.841613174015624,0.0
2.045322336763113,103.52628178680494,5.425322451293492,5.208722949922409,131.54425301227087,5.07107335559439,4.046179245364401,0.0
8.559726181673355,8.644357458345848,4.03460024548194,5.926786756739698,910.0916776943428,5.0140953180953565,4.083449585707006,1.0
8.243082448899177,26.987556493862872,5.0895592307402,5.093869704896422,904.7218485865953,5.882443270190581,5.752279569368015,1.0
7.606145564342734,7.3051878221578415,5.66994814672978,4.656715570266039,713.4575008556158,5.77897998079906,4.365995433204198,1.0
4.794595404228737,183.29808247381396,4.19790460337307,4.583306370789398,189.16638839138304,4.759308031737346,4.155965665979966,0.0
8.920045463000369,15.924237842712486,5.618037084533395,5.1089104557332785,921.3844024849961,4.370351877690118,5.381948302303128,1.0
4.138259006179794,202.78094250993456,4.872098441243782,4.789707348807356,271.66216109585207,5.069479430827022,5.288860987029237,0.0
3.001494571106216,227.13021423178776,4.78396222581392,4.927574911510706,297.3445001951697,5.587042529280649,4.035233014282214,0.0
4.486587719502655,280.4212931436626,4.255333269964611,5.8552284702961135,352.03068355353776,5.8102677496883715,4.943286194203447,0.0
9.023925677778578,17.972145310057215,5.986735001764178,5.439379192090709,766.0740821294115,5.865234034340667,4.659655658849759,1.0
7.6752847576594805,7.796388793494207,5.169012071966629,5.742714682464415,860.4636446402769,4.385037743639596,4.637851430863779,1.0
8.573241805709918,24.178346661424595,5.074712809545774,5.327620210500566,761.1167385791547,5.2011934071589,5.121285850291972,1.0
8.74224520582362,3.3749387344165616,4.420370207243088,5.262348408018013,764.2924786485495,4.788475472258602,5.251732219230736,1.0
8.975222323464266,29.169861309311802,4.5608597231471535,5.769987226790052,976.9718151184563,4.2378060353559865,4.4169724134855795,1.0
9.392916189181099,9.309303946304679,5.492745349584707,4.291079062645292,824.6804400594003,5.492612338975219,4.990184899986312,1.0
8.046638639914283,18.79095323642717,5.557070742006811,4.4302604528493585,999.4755370558768,4.03746058412084,4.759252932825422,1.0
8.247394339472446,22.779707057352056,4.786961101177252,4.331326334952825,994.4563043728882,4.015908362557081,5.741841321699797,1.0
4.558418333272706,157.2793156855157,4.14591972782591,5.874934375627489,257.0558682660106,4.5394340081650775,5.306580489518967,0.0
9.049353536746908,21.833744660786902,5.3802626958737845,5.3062613405793115,749.2662062378712,4.458637900615308,4.255611685590425,1.0
4.811568646627563,102.75293866708,4.595439696117034,4.3951618887009545,282.2252761443349,5.099842141039327,4.435525237098036,0.0
9.37684370419754,14.082802549768752,5.9293711128936835,5.7917338783157355,953.8623309636889,5.162565463922119,5.737666945403215,1.0
3.9334340779396504,289.05924898747696,4.54662471730744,4.469061743970548,247.21499222470973,5.608467578064453,5.428526925643697,0.0
2.0131210373029385,244.17661490162482,4.552821082187349,5.262028387009062,332.30434672529066,5.094755506999492,5.8868547325005665,0.0
2.7949423187506492,230.03270650352874,5.178401813527707,5.044578946622344,347.8467993799477,5.318227043243095,4.505238921203549,0.0
8.111992817514473,5.78681231044132,5.705473491463863,5.548269317414855,908.0191078817604,5.553196964393376,4.032369337863782,1.0
3.9489894904085827,228.54920692672258,4.19876555790172,4.995493633912752,386.9543950654773,5.244119018564216,5.729937118860961,0.0
2.6056881683986695,199.54547529561358,4.732026783680302,4.472493935430229,276.77256786923687,5.750117928337886,4.896477693110793,0.0
3.791186062828662,115.4053392742463,4.315892744843536,4.019012404836211,55.58414829688498,5.311668775234811,5.227029365435025,0.0
2.8684090660176085,257.17432511862114,5.360531257457149,4.918474782728182,258.0338014119319,4.759187287644879,4.209808772698622,0.0
2.4208044849062857,127.78918718854968,5.502065923075217,5.864260146602327,110.89000296875291,4.808471511678959,4.902382561107679,0.0
2.2065726128226246,132.11737414462516,5.642157154893701,4.298696900638947,102.53669133890315,5.591665317900883,5.413993927260837,0.0
8.740685722634431,10.720460749937775,4.46812498514415,5.900884468180207,939.5188447008973,4.21772089329331,5.631231830694055,1.0
9.286685905608383,26.840435229980038,5.168939863289226,5.226572787666259,784.5681311797997,5.896727462042961,5.474051811580708,1.0
3.853754770513973,276.54736779644895,4.40890265246506,4.411076941390973,286.64251022602,5.543812486800178,5.0670153250329735,0.0
4.299215070705326,271.9057242226113,4.598160423310823,5.273887150853758,214.15901097019074,5.2205169103804625,4.367323077563771,0.0
3.5811319904860435,225.8437944177227,5.333512122614755,4.400720608006901,398.0124900024142,4.45078778863366,5.690211281960524,0.0
2.778139985663542,112.76619840522271,4.121220714235627,5.345134390189246,145.69115245848442,5.560413144402382,4.527396510902134,0.0
8.587580379859745,7.236693753281901,4.486891268057489,5.333294931398555,925.3211436544032,4.211234090523472,5.363456874110269,1.0
8.021258595749932,18.19866755428746,5.013423527865596,4.966636443104507,755.8301685817725,4.968328494784004,4.730851760604494,1.0
4.757895315133023,191.03707560687667,4.812654946093451,4.601241119711284,87.54739693181874,4.163183260773854,5.681363017235165,0.0
9.364091672477246,23.58881786525095,5.55693667983037,4.096301578346402,804.426709675505,4.134315564765643,4.113029248776124,1.0
3.3918396251660394,175.98103772364524,4.1537342067635095,4.780578201678668,74.60023336192157,5.933345333410586,4.124090520843659,0.0
4.266026046302402,180.6151085400456,4.214021345208842,4.878384331365334,7.041009480537985,5.520774764361007,5.281466718614891,0.0
3.226434237176946,165.85514584449152,4.2635733372682205,5.0052986692445645,349.64385108726026,5.203124137643801,4.637126196251979,0.0
3.9840179251657477,245.29418643608864,5.0125034689946535,5.428992305568699,200.02493063608324,5.541545376421214,5.316185121879336,0.0
2.4110330860652853,130.22679996977877,4.420924434284007,4.651289553899785,232.28994645712228,5.218349758759317,4.0500726724748874,0.0
9.442792533978997,23.884515240692227,5.98145011049521,5.635748127180945,854.5886312894337,5.464480500411778,5.8235490940482855,1.0
7.519759213284113,28.417436301187877,4.943875857112918,5.282733638450605,917.8727765522112,5.676798176973384,4.550751362949889,1.0
9.367124623205466,24.92239664161668,4.459850327091122,5.051785937158,723.5165280910776,4.723232682563665,4.170428173803542,1.0
4.549406782407061,298.93084459162196,4.943165192188465,5.085140406816135,10.205419545907857,5.01162136703943,4.709254188886237,0.0
9.277102765406736,14.986864678047707,5.89234740959269,4.728853622670503,926.0756076998485,5.282974941611176,4.222092774583796,1.0
8.059055770823639,16.008737631798528,5.420221783812426,5.3664166190951725,893.9405561294648,4.249635338083685,5.537458456024162,1.0
2.388757190029953,109.02219910407878,4.06639297221094,4.353108384485681,321.8186768570132,4.242097552344678,4.708923240591773,0.0
7.9153492967182135,20.87275013976542,5.43775596078827,4.47513168676697,821.6054840876565,4.73423153468107,4.296355460658948,1.0
4.910705187284062,299.42988795163336,5.13745588329632,4.771710753443472,170.91268325093108,4.124140273417022,4.5319650787598835,0.0
3.5683571991542515,244.81528435808065,4.650103047219175,5.163874427988066,142.49075499575022,5.407971843729326,4.114013189299385,0.0
8.17794167438312,29.663159420853813,4.100725997986792,5.1747671905372945,960.3733395217785,4.037449427588781,5.38712491194094,1.0
7.535269658104693,11.569760693282479,4.8356376122125075,4.321910974913458,962.3738549162027,5.812531585146099,4.506168806442854,1.0
9.242904129237687,13.688989253716674,4.87923446001773,5.436720437828763,751.1492565363683,5.02889285627062,4.405538418737678,1.0
8.487154877344365,16.499669463426507,5.867233038460735,4.569936555154623,741.5520333475478,4.950033513986837,4.128875251105384,1.0
7.994411407421299,7.029573241440787,5.367529649555609,4.487538986165455,850.9088442390103,5.938233061881477,4.22585318257775,1.0
3.286787177050752,212.94572007979895,4.3023658386745085,4.149593295993879,103.59842931985308,4.636992626527757,5.769826914423987,0.0
7.6434959284514274,22.97412264092663,5.051263829199008,4.766076700836524,703.2216945393948,4.215647347703894,5.619304664140904,1.0
9.18493281442525,8.167630781533981,5.66847685928128,4.3154406341664995,888.7600472348983,4.254238583714097,4.879323064741181,1.0
8.130357391031778,6.910324668963436,4.759912250294817,4.232925497783264,915.7814155207647,5.705264465543079,4.357923634270002,1.0
2.888906135357852,246.8230602128838,4.446742875654738,5.8978802625685205,33.640668452642416,4.484344246094555,4.8384738829947205,0.0
3.134092300622931,134.67158604227654,5.103580127158992,5.846952075636768,172.38833700211313,5.503241101689627,4.698948991916339,0.0
9.153274295542012,20.89592380812667,5.113391341641707,5.397196573454078,915.6729445975633,5.002333257126344,4.656403501075235,1.0
9.094839942577652,14.912947310321076,4.281666855306025,4.5377496986830295,728.8033036340954,5.182369574232147,4.572175556409938,1.0
8.707790600289545,14.625481345042429,4.452565254587335,4.2974830197429945,801.0149791840286,4.762141352868845,5.980396980924715,1.0
9.481447821107556,21.207027050271627,4.5626771720912735,4.759819089648241,925.6133010647882,4.542443040768236,5.942211016729509,1.0
8.922414321468045,7.09930643645704,5.488372214463187,5.973753693883441,853.3642202377491,5.7010132087563905,5.4172070486813375,1.0
3.025596115810082,179.672257253348,5.80832736791215,5.918016887217452,180.58353840019623,4.310187212542004,4.926513208789006,0.0
8.57307154725142,2.6854709938465646,5.929646250944495,4.790249769549135,944.4093538360046,5.843776971170914,4.0366523370903975,1.0
4.670469087720183,253.8122946762342,5.781623788627606,5.947881533333564,231.12860250864554,5.277250798204851,5.744220817586054,0.0
8.353138009423072,17.3889171070984,4.763743504469001,5.267419486846222,844.5116439532027,4.276741723627277,4.930478630359872,1.0
9.489131136417154,21.056200633629338,5.99634947578493,4.095224756854976,811.2502253781969,4.73782874670724,5.03967073431027,1.0
3.6974259025585225,147.43887022678712,4.668892373756649,5.245181795885046,373.9585794070296,4.46435710036721,5.263073819485321,0.0
3.6298800811132255,233.95974555492307,4.736267179962276,5.193920573691056,246.73994051036888,4.557741697982446,5.707391427962079,0.0
4.48687705163202,287.6659557153037,4.0782645089677185,4.581759464488439,164.57449497066494,5.847085513872452,5.509853673275389,0.0
8.521772016449328,6.266731027302148,5.143965370688026,4.3258322095305815,949.9687791963416,5.304638403107102,4.775566314892758,1.0
3.9269806758523953,213.67255176951875,5.866029746260841,4.644710186812352,186.03546516581804,4.48764770520081,4.337203382475105,0.0
8.656895511705393,24.381901482947573,5.096066144443186,5.3231534811481165,853.6945933769987,5.79082811613404,5.900649077934546,1.0
9.045689888469337,23.490256198144802,5.8728928456235145,5.84152962824464,817.5205288855364,5.471480899786899,5.143751432941904,1.0
2.832019753816818,134.98930275159756,4.7864929295840755,4.167164444000711,87.53632678031042,5.051081462251433,5.082858788609993,0.0
3.984044618935759,139.92960383626684,5.443847939857867,4.719947036353339,310.3588329556738,4.879537007776287,4.943072775156489,0.0
4.596126836306329,172.3555068877468,5.5181819227920546,4.30392505175643,339.0128013848071,5.165772003094435,4.960346883719179,0.0
2.145577854730079,176.3077684947093,4.7456199784064115,4.3874318845591205,196.97690434660063,5.018803739061941,5.213890825676407,0.0
4.694819195330381,207.41484318066523,5.835591252221359,4.605547184713385,265.1350401162919,4.625044542648613,5.337050276892228,0.0
9.050991503272156,8.802327300581851,4.14797776840381,5.047823353408795,810.4780714690241,5.322953537712574,4.40534381261461,1.0
8.133004279820582,12.80528366686868,5.377024376819126,5.816892411380803,967.5909738326816,5.204099087098702,5.5023832729027715,1.0
2.614075023865371,284.27348053990374,5.83364658404684,4.4239181805159475,82.71854654304258,5.03147220882874,5.668084535853341,0.0
8.285784591662358,10.187102184157572,5.050978460418635,4.764511829312809,769.6971368595782,5.735664993468993,5.477099748740219,1.0
8.303570490325518,4.91117454415257,5.335096544668675,4.448961002465457,955.7500731638436,4.929447512500075,5.078178010413588,1.0
4.146708906419216,199.996706320967,4.465559368874958,5.591455429939677,196.41538793524904,5.506755090492737,4.76156746918422,0.0
8.085015390058127,23.190956961171516,4.563070080213789,5.019445411132962,755.7277168618631,4.176911481371073,5.995818643580573,1.0
2.413853031405071,260.26245297109455,4.646177494589105,5.503434082956967,352.8569256903444,5.584701928709861,5.932838633609197,0.0
9.49297773235364,8.524489346701321,4.1511917503232025,4.152503128692507,828.0524228106934,5.944730969559957,4.641187814160635,1.0
8.857059690873886,12.385778118512185,4.139632602971124,5.0099218378843355,767.758654486651,5.462071516656621,5.355347549536093,1.0
8.59155497081122,13.862538138746903,4.6818717606283915,4.647871132156068,786.6483340093233,5.127784225658532,5.83028147903479,1.0
8.494822758982853,25.491391337411823,5.784852355072079,4.078638975336947,893.7081605151755,5.400068081929711,5.44765736364589,1.0
9.259639953410904,9.829650897649286,4.979079084188308,4.355408922393628,968.5437210473704,5.122411306197739,4.9519519373194925,1.0
8.582141841597233,27.596825424568937,4.106750988354522,5.805837946466108,798.4618505714267,5.459007652858768,5.170366282996827,1.0
8.711543673244748,4.394122802349508,5.950796955210452,5.153579416994472,885.7454654722982,5.549120499829175,5.638739635868717,1.0
2.50019974341603,195.31763578392693,4.137051975193977,5.767714527199919,381.56239977091417,4.770250141838444,5.634692646765579,0.0
2.5189085738092256,170.06350517446572,4.082132747493223,4.091008475580592,45.50468868435065,4.322148356138937,5.033320991603881,0.0
9.0084037317707,20.08443014670084,5.819137886689175,5.252602189547732,778.1635042329214,5.546647105408153,4.215157405427726,1.0
2.1304051979711445,178.48896883538498,4.639098125756814,5.5697827893277,276.4961644546441,4.1977423101073015,4.736633011252251,0.0
8.432513482234747,20.684674689808716,5.147655147167715,4.339248186063145,914.8882991460515,5.236181246329981,4.867616073036654,1.0
4.949841807725521,157.32737056965215,4.146632904241531,5.0585110819015,119.01182135819556,5.931377833120738,4.9823063486209005,0.0
8.217657213828767,12.47183697838591,4.185799428988239,5.993044143849344,724.8242511669614,5.567921574122035,5.299465697514782,1.0
2.5740342881056177,149.90437151723046,5.709668302474672,4.85609558388415,324.44340573712986,4.160646211379067,5.072699255799112,0.0
2.5106439046460145,153.2175471737899,5.543978140509382,4.81720994144648,200.21587085285017,4.84634567905351,4.527148976402768,0.0
4.748332531608913,219.09109654156907,4.4693670657705,4.830395278283818,326.21697496760294,4.564808657691729,4.534493950142105,0.0
3.6698176945408805,254.74634738755853,5.748888776412319,4.8639751848503145,37.32047134290144,5.302102233955893,5.028376361842023,0.0
3.020512851165469,179.11983636996547,5.5851743200671375,5.917569209450062,177.55903439702618,5.226852523042464,5.353533082479281,0.0
8.686687314376943,3.9312662743629723,4.5643572912984665,4.846518285531658,828.4752100779709,5.136722364871549,5.830555957825669,1.0
3.677009210224492,222.0615563080192,5.175948496740697,4.345171588098545,216.87825795442944,5.567347186039208,5.251338659849813,0.0
2.6356596183498726,171.57961710912957,5.515624063784232,5.433324836267394,6.5744231729308655,5.724101713952256,4.653356207619025,0.0
2.0018349054667612,246.64391391628203,4.43446694918487,5.64524985535712,201.42341853020898,4.182132711974945,5.228867309670191,0.0
2.076322703397318,246.42396008212603,5.918647809016427,4.034587951534165,173.35144397396877,5.094222639476562,4.555238999238776,0.0
7.934288315679837,2.336812967854711,5.951663779565415,4.060966520622776,789.1447956066975,4.604797039657956,5.4674720234527125,1.0
9.116652797843129,25.742342166748315,5.278677527002811,5.033352785210684,758.6826988756577,5.4278854224147555,5.347962544633101,1.0
