Average_Temperature_Celsius,Precipitation_mm,Humidity_Percentage,Evapotranspiration_mm,Soil_Quality_Index,Clay_Content_Percentage,Elevation_Meters,Drought_Label
29.554537827990025,39.65186963342143,55.150268852491074,4.811163475727905,4,49.90054982647584,515.7118306182706,0
27.988613653891903,2.777670505330689,33.84810632222866,2.0868240534812728,3,43.87132108675317,64.6321103296525,1
25.097382750976383,23.69179845547956,49.35150067763483,5.197718890022039,5,40.44442353941032,343.4700028102785,0
24.607390048162863,4.014833063642856,34.882381289949834,5.728217088485337,1,30.14307585354366,569.6583513926983,1
28.50137246003707,4.695182171185144,48.21483657878788,6.165090109006354,2,10.398389648172133,385.7916128614722,1
32.11030079997245,40.71716167088343,49.97350781801149,4.80429845956975,4,35.21603704143998,809.9569593089443,0
29.11066885816857,56.04866479479988,68.52244799714099,4.806740927606655,3,19.15769344557781,738.759143702368,0
30.93005577887245,6.110053635987817,44.59658251382752,4.269634767412531,2,30.260048041477013,-202.9117304955522,1
29.76742523966489,3.3109281966768163,10.0,6.691679248486784,1,46.25416844382585,286.9953671325343,1
32.99005054929826,95.57384674179173,44.9668594833548,2.747053750506885,1,10.726318624283152,47.73411660997374,0
28.25756731721723,1.5813913640211406,26.34338934149765,5.632136284803262,4,23.77712184868753,786.1280767434062,1
36.2882981160101,5.945181858841903,38.37392810687825,6.544629168881412,3,17.135930077143243,439.5740299769079,1
33.26901026017451,83.91587871605975,71.42007454570415,4.300296512443744,6,41.61629903531952,1077.0540462810363,0
40.22483856750642,1.748288553301973,47.76280148736141,5.033650132575621,1,21.92166793387658,77.23526059264594,1
26.314570144409803,48.48687067736565,36.73779719146248,1.1818872992977307,1,33.591184031123134,473.8954330045588,0
35.737526006650306,41.99522829677367,57.73807145324013,4.984037591296591,2,12.219357682716424,281.482906027487,0
27.20996050710505,51.253802364991984,51.42770597434213,2.229181216363741,5,27.28468702463578,621.8282056546001,0
24.90817133533484,1.5248267276801315,44.79714565359877,0.9583648308281054,7,11.681791843037788,750.6000306094506,1
27.722076645447725,86.82234359043443,44.84214643520058,3.800672691282002,1,48.3775838296466,678.4563120191734,0
33.42947782915789,55.25133644194852,87.03439151759846,10.13130314967126,6,45.462564505246085,441.600891492596,0
28.888505004666268,87.64848188257359,50.10005862324719,3.6782113260276335,3,49.45267369088052,399.3452503900802,0
30.682549217852017,50.75130170641814,41.215463184178326,-0.4519377001989513,6,43.47697319637168,553.3725174234963,0
21.895781750144888,48.50825053798059,58.93322098355282,1.8838545282929733,5,22.668684881008645,574.6681907399769,0
25.49121478207732,80.23978291843818,67.91087015860177,4.716758033978945,3,16.70486255362338,685.4205481790126,0
35.23844269050346,8.738832748137703,47.0715979974226,5.666818024785425,2,46.489184879984,626.1610117712207,1
26.175236352285573,26.29859852568984,58.6319973351104,6.0545730793839,5,45.84113461299973,509.242140499385,0
24.110916562045624,91.71826605114,56.68986533125968,5.455534002809744,4,24.82842628151136,167.07496163351772,0
27.68004615160092,9.818672982594302,43.76038624034128,5.054511264721159,2,40.35176570817252,364.8895426229996,1
34.76244977208574,6.192889679070874,37.43880040752539,6.593609666114131,1,26.05774197040015,571.621377587407,1
24.15013384470679,46.81836326274004,62.93162017538329,5.460111223091002,2,13.598691154438436,708.2979143447897,0
25.04214305582085,35.67526345475136,59.174484686917474,7.591654143545384,6,33.19847922140444,132.68381799261368,0
26.3982634590284,44.77980823480724,44.87368631559264,4.009407858237862,5,46.97265420029717,461.8401848052672,0
21.87117168498829,38.63969006890669,66.01000577220337,5.813813451713264,3,40.19914932596653,252.45023007633864,0
34.68326376263643,2.1925329559516986,60.00080950330637,3.864165042828094,2,24.601827739044538,647.601216230888,1
33.57123666297637,2.035563074224946,69.26277703551895,5.980363034981483,4,15.630818310848532,681.6540953372496,1
19.44915803671688,60.26354713013869,41.24266762943427,0.8576402348390673,7,33.18443596913136,656.756229932717,0
28.05116530509793,63.87442435140649,84.59216132077135,5.275791551749814,1,24.36283116172605,499.32856505774566,0
27.092456744760245,2.0012958961638634,46.22764903484608,8.913219925171433,3,11.819461658890985,179.7698201118502,1
27.310874800424383,4.966524251887647,51.20609265769829,4.415849396786914,1,20.470114761480943,823.4376187384316,1
33.005495233574834,9.752033747568955,26.312383384089472,4.384886529637476,1,18.647542954819016,777.4165416540263,1
33.32740187532676,109.68849451800126,54.7797037841219,6.164753891905503,3,21.66307078303061,249.6879163114636,0
33.48492336616593,5.2809194905403976,31.877364993306387,2.218810278135885,3,19.69675255548844,249.23892331450824,1
31.736468025616308,30.7385596299804,65.81158127257325,6.938461175223949,5,26.562713030712658,906.7416018294504,0
31.63994939209833,2.484290343088946,24.321784565189347,6.390754472803458,2,18.85106364264736,154.63200274785677,1
36.47596610013866,6.492199155333863,35.355102817214664,7.072395502024221,5,20.91668641297485,526.7594589837714,1
36.11272456051594,10.527935126313055,62.93956291730328,8.948793488960058,1,31.07075629077968,446.84956546557146,1
37.36815874929886,5.938172964648785,57.97798940681781,4.829853650349736,2,23.57975660239771,423.4438485457149,1
31.32991416663541,3.7093461449280976,48.232538245276935,4.147346370263479,6,12.13360652020734,419.4135128185808,1
27.01825075457511,42.387246680212655,30.85718525378531,4.651030986765949,5,27.34490347606696,581.755397068878,0
41.23353662868017,9.324598373688591,43.700820830479095,8.029429224988807,4,19.200018101936,698.6506261842499,1
22.975589496677404,5.176276141837931,40.34286264767685,4.442582151560706,1,16.37132149397834,410.55424214002994,1
30.504963247670663,10.18877871429461,53.97901813474465,3.437982112903632,1,34.70229252838474,448.6461890610802,1
37.285611131094576,7.417922853523933,52.21637347924886,6.698285211864382,1,42.294837591699576,411.48314305830735,1
22.73292218413172,54.11637240495424,51.22040219262266,1.7442043068358966,6,21.525979561335,-74.0021004168409,0
31.45619925771572,2.001027803832841,29.95294962886208,5.455982327418122,7,15.218225462055756,471.7192787705298,1
25.55019550129473,4.045545999078231,28.01619016121853,5.673868660288104,1,45.281927440307946,695.2897036338325,1
39.37678108474776,3.0703711669895126,60.18071871441582,4.7289474620422585,4,29.740014562904665,813.6380721446758,1
35.06386952531285,3.1454016943004453,53.72400084822553,5.923036092756226,1,41.02618541304133,466.3620669165965,1
34.539178781448115,5.099007448900852,35.880965102193414,3.5695029623648185,2,27.75666792186159,331.0756768842879,1
27.38383376944548,0.7520017192165979,44.35369848500549,6.318616239022655,2,18.557351312041888,384.5623929187788,1
25.18856235379513,37.10493134642085,26.68702145487811,5.230885272328553,6,13.989238893755296,704.4902671005167,0
32.16961077274452,28.65254030578059,56.9430945880907,6.102668432179488,5,35.774628019702696,435.0743865084887,0
29.429326953624525,45.38382462747835,36.8617820427523,3.4196597382830345,2,44.2194381878383,681.1344408658877,0
34.53571377141214,82.86786011117529,59.81314766776866,6.9630657505982425,3,15.024508140812085,898.9383095615228,0
27.803912383886807,4.999035942737,21.39468621773542,1.6028605787541337,5,33.53734225665699,820.3993334176917,1
31.426317792665504,1.5940080816883788,47.07793507046512,5.906327208121152,6,11.67890904974024,682.7716492669259,1
27.24107452482208,48.16195234451756,57.072859551760224,5.307348041128376,6,49.05652889536225,490.6215757537262,0
32.40937069693162,3.3098600000906964,50.60779277575142,5.513914876367889,1,22.727008380348124,260.7685648789703,1
24.38406547608113,4.288537648827003,21.66735902273481,1.252059848635109,2,49.98692820968369,651.3095197155229,1
33.12031262905731,54.82354239567383,18.923956751346857,4.982530048204802,4,18.64931577563965,-56.11967236573696,0
27.802224230716725,21.45570847788056,29.86312324845249,8.133018253411816,6,29.76171467742933,487.5526686267862,0
32.630887737658206,42.92331829579904,85.41609539722087,5.9907596306569735,4,26.510522909951742,630.2790949766215,0
24.221274202535778,54.614025369508326,61.60779409571374,9.4878425510061,4,14.585597743428274,500.8777900038313,0
25.43066541331653,57.761508536403085,47.371566200864784,6.33883238237377,7,42.23712613661434,1102.54190329451,0
30.02025428407269,18.717664014966925,70.526933742651,1.7601157366714255,6,37.27332128131435,863.9537565174769,0
29.06989955367111,68.8737932220458,63.4945980810038,8.159659437447239,4,47.48449975685888,387.2049261944401,0
31.674388930249087,42.842942142638414,74.2606151025443,0.9306366546106551,6,23.45474847534839,606.2928144556581,0
32.38410945530128,3.828990748224884,34.79935700685997,3.90436952654681,3,38.00750243321826,835.5014410379383,1
24.03563583868828,48.003583212906776,49.02345760976832,2.049177197811954,6,24.217467228981256,671.3672630708718,0
25.769082833926102,26.435599052101985,75.82301408281242,5.482000506794491,7,20.28708544097709,107.70722567196788,0
36.8777256356118,7.905669968007688,22.9423183629616,4.656629845261435,1,29.880945911088265,123.79320427144506,1
36.6201350960345,8.243586480457228,53.42015713657197,3.809153594247915,4,30.36013781930473,106.53681018889966,1
25.65262807032524,52.41766958303841,51.434334367811815,4.332108807389275,5,45.11330414303258,773.2833211518425,0
30.494481522053555,4.945265761885322,33.36365516134645,2.178400612745888,3,40.08619569030664,697.5895858371529,1
30.385204136115608,34.700929974683035,32.492984308254734,1.71952826667306,3,22.58070288836421,952.675668280071,0
30.77921682354676,3.2036433278214207,20.57942228971676,6.242508907910385,4,36.50889693472711,306.12730275602166,1
32.134429194972654,4.157794868355322,59.81125191739241,7.824761342185402,1,20.14677836486786,701.9401076698905,1
23.52696348890248,35.802787425211555,51.142104330903535,8.325110162228045,5,20.21713124184362,894.8022259155496,0
20.11803921507876,45.33930059563658,64.1474361649524,8.355579509491005,5,46.46387546241097,523.123583414448,0
35.64775159730307,49.75596263271648,50.271956107547815,9.19746470810085,4,47.38232290173127,776.9134481680285,0
26.984773069785035,182.1762905722892,26.62144148119564,7.86072559823671,1,43.8167680680308,626.0805587169684,0
24.980074066420897,47.387225465082494,54.22196704345147,5.902939173127592,5,24.17062885310504,682.0827825159913,0
27.820869804450243,67.6258440866047,66.40320244495176,0.3236550926134596,4,33.564749439209464,362.55890304748414,0
35.39972069445013,21.116764746424955,57.90029169397472,6.583308412187051,7,29.765029645650824,670.9276759112537,0
22.518624565524,27.79813738637739,82.80116196849742,6.422090608794726,4,43.7332941956775,269.4693449289521,0
23.22229779699787,43.021146141665824,53.67814238489958,5.386016380664094,6,27.269312953713968,-117.74814510769612,0
28.400778958026457,10.485419262054032,31.50233507152792,0.6310145298963823,1,45.76218420815546,798.6245571348423,1
37.16232630275574,7.282347371745493,44.71424132609555,6.877447232476318,5,43.20731866470776,927.18615366235,1
35.503798953171554,31.703417744722977,45.15355054578812,4.03066548253312,4,40.66490660697944,1374.2327647305085,0
40.77670421221602,3.7212053737350974,42.9647395434926,1.648117961801797,6,38.64373929959847,552.6810649413111,1
31.038195176094387,6.40011096930197,27.925608698437912,8.144612512371555,3,32.686523516535686,443.4215512557535,1
31.314406343337065,52.002388302183405,10.0,4.274794332640609,7,36.88337562424252,771.0562051410504,0
24.027861706028165,7.166859259121259,34.13902128387717,5.0434589819794455,3,41.23779275801949,718.1513778601848,1
28.98260584850735,52.96698002509578,32.1637795859989,6.599223252112488,6,11.511318722583804,394.236127179014,0
27.77206991822251,68.82321315914761,25.07379300377901,5.421630155918382,4,19.86469690762696,630.0624831417588,0
21.380521378450965,7.765792322399519,46.218915258109234,6.76646515061796,1,20.770816972208305,580.6552359202976,1
31.40945744813156,80.27247279443613,39.62607900121348,4.715503142720428,1,43.68664120245533,557.4352147872057,0
27.69357899335868,2.933499842187888,51.52500988435472,8.534048988791724,1,31.768000084545115,-159.25030157860897,1
27.66960100676342,54.61621573413316,42.731093596218,4.087790300500468,5,14.192905637630622,427.7827088032848,0
37.23549151306077,8.373811596019664,45.41479123805623,5.580521610807098,4,42.52420188443375,149.20542047405934,1
25.24157697191833,0.9261386275130006,26.102994726383244,6.596696102698216,2,10.232150753717644,666.7226534128678,1
25.62527344419522,39.43595812220157,27.1088001108061,2.927270231735809,1,25.3677673970391,550.4691623551083,0
26.798373009209325,52.13534498843367,67.14935220028761,4.70019777068324,5,32.20074096821165,213.15928911243824,0
40.97278931758894,3.430421927521272,40.86403339007863,5.272349349495659,3,22.49623590718528,657.7811840763951,1
27.34928472816157,53.81497217551892,55.089072541227246,8.532100608104574,3,38.191833445287465,206.6183493342084,0
26.074588597918417,52.01169548211521,43.82014774439365,8.196852910715679,2,20.96544668767753,919.3532921094496,0
40.97938836547761,1.2219204077686407,49.40432122384199,6.938081103270699,5,21.38162441088225,226.223540546712,1
35.731267830136105,2.873888565219971,47.80752824615462,6.245864539623928,7,24.86078300974293,746.8965776009965,1
35.787538550236526,7.403654760790856,41.89619244150426,3.992321492224639,4,10.360226570579009,621.5106157567138,1
36.92161199238292,8.4834541642513,43.40067529510849,4.1821162215174565,2,14.325837693487946,-34.634524595448624,1
35.43025729999219,6.816842116767966,26.14589556086812,4.272773408196764,5,48.09965201737298,746.043078236918,1
28.71552860514302,3.327282773408427,35.55376834517867,4.657687226499272,5,31.20353987657696,382.4988171487903,1
28.48060388470492,62.83615685461943,69.82981719049778,4.970044452740739,4,11.025289995376903,924.2087406685962,0
37.52762966478992,10.983977065244554,45.325384269023935,5.202620566442503,1,10.808700805911895,526.0283226387941,1
25.32327820644949,6.013245809869542,40.85676760826762,5.743472056024094,4,13.542726953003204,576.7931439256313,1
33.62083176244221,3.5182786368250736,41.1663987998662,5.319216494801663,2,15.68246437772249,506.9313038002193,1
29.507736711668063,31.049990108659248,60.94299100576269,3.198059963147489,4,32.1371824465491,781.6871534704554,0
36.81939558397455,6.914377003539483,63.80991481165326,4.5160969506844335,4,45.88154065002738,479.8969874824337,1
42.383739917804206,14.508357874113765,49.81758629084709,1.3592039038563288,1,31.293224103484107,249.14154478874875,1
21.92905693606134,25.548012915855487,50.72862057264973,3.184108572954768,6,29.50393752198244,415.44654518087,0
34.06390463468249,2.2604529379220906,10.0,-0.1279079359597776,4,15.449346061829026,199.69713665515576,1
29.923560430496,8.290507391321258,55.098935729165504,2.1477725657137907,3,18.30997092048761,494.5597269475755,1
35.61514928204013,22.94705462180137,70.85524424422204,4.887888868119606,7,45.71183758359543,1054.4327312316657,0
29.13729967302065,48.35136657850516,73.33097911294277,4.105601213860033,4,46.61907524873326,202.6726594005159,0
27.402878828830985,4.399443939942304,45.54660155672584,8.53500479153068,4,46.05599764916933,480.3769299213818,1
37.0314640460722,1.2828525993446351,10.0,6.801415438083992,1,13.64047227530068,412.1726243682636,1
30.745834917724764,8.361127776737154,63.98581773218032,4.832196273463406,2,28.57611625282584,161.49752892026515,1
36.38681145287836,4.019313013415932,33.909990041372616,2.872012766868893,2,37.02987041388708,465.9029472502879,1
29.1209087967766,3.9579841620115657,68.0965663693717,1.789565968608113,3,15.509132060685644,16.92106436245996,1
30.454874758191256,31.910220536183385,86.05039573717414,2.797032486046086,7,35.0855357624447,634.5239748437328,0
33.83299123048424,3.6697157613852527,44.06254773750932,4.967365575307954,6,32.883992678865,432.0417582851486,1
33.6438120515174,3.0356150869283933,29.651260329566128,8.386651271480766,3,26.626440060017966,848.4509145445927,1
24.74290998192776,21.51539624377237,67.23647747484989,4.154402290780273,7,32.97713932012578,17.707606843040935,0
42.665166873281336,6.654759987823292,51.91451697965509,4.417021157493296,3,46.33034218708264,954.2842207161452,1
30.2213165574302,40.30662601759686,64.79235813279678,6.034674589367281,2,40.48286613758903,484.5472418738216,0
27.867430622753915,110.38654098000258,56.450141817103486,3.2192458834798443,4,10.5788256601146,229.9519316379011,0
33.445843219539086,4.723330976687417,53.34311846753536,7.533694481134249,3,12.633686580346186,211.7661325265329,1
32.17631775985865,6.730613127974235,47.351194423772434,9.109709239626332,4,43.9501080226094,1146.9048895187896,1
20.92314628974793,41.19585262982676,59.768625761435125,2.594393610709334,1,12.91873331702751,-52.881071874302734,0
29.305276360899448,32.7125001843727,38.505290589261065,6.345251521743905,5,19.975031519835685,163.7309078695522,0
23.535215929023074,0.9814683995434298,21.19292759349988,3.7186300130047982,6,19.085963553477853,569.9855123263616,1
26.59468336200052,8.55406926873976,27.136486387807835,7.829285334990695,2,21.405327007228347,145.07434542507042,1
33.713626731888525,5.435490460254558,30.673459707501983,3.824468190057681,1,37.70453773700403,1034.5054359400556,1
35.837173645764544,1.3904200211876303,28.643097297759248,5.425639693766106,4,49.39486264454408,504.2861635651967,1
26.87617299053658,48.1873936702748,49.27180983406465,5.971431682707994,6,27.322980205782606,340.4205475123723,0
37.157293829271765,80.41179887519951,33.02954689459084,5.064508458121914,5,13.28932886042402,419.67034438254655,0
33.68801331037601,4.748583416650989,10.0,4.301409063589558,2,15.094881441334437,584.4045042468731,1
33.16024968678818,2.0189873847151887,60.46122906197526,5.450516906990197,7,34.25267789498128,312.2680868804671,1
27.879374564449986,68.25374043003873,51.18768470995226,6.475251860261005,3,48.17383806493204,544.5643710777916,0
29.14410505108601,2.712744188932162,26.958508779447044,5.389859147621957,4,46.27491327276211,336.1207972467605,1
31.136863500295902,2.9573518931835325,34.34743480755159,5.852092974489992,1,30.371559627197048,243.6126074734803,1
33.41525621587638,79.90223110107473,69.89394653943292,6.415429765732258,7,38.27162017587258,809.716819437919,0
40.228759898084135,84.28367508278141,59.03077790957003,8.802241462535214,4,40.03245525497756,571.3195183717959,0
35.76670810552267,4.227468105646326,28.638538378708155,7.122173256317726,2,34.136703138891335,454.3943283101906,1
18.06215542699553,12.738968464586405,71.25881449803413,3.1082733842073504,7,23.51023948528916,-12.767919760778796,0
21.39771693457861,34.47186571012858,60.2843566624943,6.426344730497224,5,15.596759089079764,565.7214687613006,0
29.12181086881113,7.060689661429751,49.39892199993844,3.607959676798096,2,38.89733692089652,534.9524157427612,1
38.00206953972213,5.85517107737664,52.39347234943702,7.792042730762964,4,47.67619891353316,729.139931708978,1
28.092169665326967,92.16150313151934,53.95369856156803,2.9309227383034258,2,27.057752228572127,393.84231115396886,0
29.560442959271487,3.4709304724900187,25.95330922526486,4.869798922489392,2,33.610134610387775,204.2800899717577,1
34.5751763360433,6.077022135853815,60.97886506939159,4.192489265641947,4,30.50363701069185,474.1348705977642,1
25.111653160214544,1.806861353797137,14.370186292860629,4.594766464791361,5,17.749557320992423,214.08786099054504,1
27.87486520627428,30.08669985435326,65.94279026479303,4.138364795223608,6,16.586810500292202,565.221755818101,0
31.35089650133287,6.113420807704073,10.311912111390054,7.015713794909827,1,44.088568268919175,1068.6522037974064,1
31.23765081809728,8.882948363660363,29.721241786943565,2.857383344658051,2,12.045265524267888,1043.466731958174,1
34.712800217929825,3.9796731291118026,10.0,7.586598990482518,2,45.80424902920368,983.8934511779164,1
21.08600134517832,49.69612937711723,84.98307603909572,5.742808068846061,1,27.290851511526743,-340.5734708463675,0
31.826575563066093,5.718717197825396,33.41599041483995,3.0708641351416497,3,42.56267623805067,1040.4585223496558,1
37.22080438534536,1.3032876149422257,41.131266139186906,2.8195298396284985,3,26.580833175607243,930.087505946284,1
27.51643444064804,43.205423318837376,88.08294352398121,6.314402202592108,4,18.397273266939376,173.19720868636813,0
32.85785475477178,54.13157807048115,63.37939799131771,1.1211891837162509,6,37.083278878044325,742.7775884369896,0
29.385699864233658,0.1940884523239186,35.114043171243296,4.929712841190585,2,24.99858196298117,517.9729322238511,1
28.23699335658207,21.06201794999132,49.91304593608152,5.072944353308418,6,48.85189841226368,579.3445054854121,0
30.20007225026666,56.966491368984535,44.88564561122677,7.569181437370278,5,32.28263730735669,434.9804632530615,0
25.644808471908387,40.03726255142518,63.209540121654605,4.04720447879697,3,34.06194025518825,624.7408177161335,0
24.60544215612936,1.0171536031344917,26.73260772008952,7.684045501986494,4,34.20285940723068,287.3665391835506,1
24.49939592530413,38.346788279258654,53.46800412638948,4.187817742216873,3,47.16465410765303,747.0269553686934,0
40.16205651965818,8.789324016272253,35.852653666198705,3.8412923343246814,1,30.894930558672044,599.311670845164,1
29.356916591251217,5.258417505581961,47.62986706419762,8.977640107567588,1,12.343635508405416,61.36686344137559,1
33.613592801690444,3.0794999626473927,17.844777057783574,4.75535323573451,2,20.16871316266753,125.13052642279848,1
35.013971554680495,43.744412997138376,70.8088136710968,6.921155807417969,3,41.3570111656755,505.8637534394545,0
21.74230287904778,41.639616686171415,34.084664999961504,3.067241812415862,6,47.50103947038332,68.11756076035181,0
29.78507742982524,37.503045112469685,43.3984376219851,8.926171769363009,7,38.22383159105968,381.9946625531381,0
18.552296345272342,85.01232139130829,65.8653176689852,5.081129096190721,4,32.56339686754501,582.0980357637505,0
27.112223776007244,9.488612862620448,37.00025652164831,5.687735626295874,2,34.49958028388333,131.89577681343923,1
28.345349800290403,2.955577407267494,52.09548136986564,4.997464293025006,4,18.6375281608054,366.2614058519549,1
33.70877987888579,6.783072290222608,58.0113844230536,3.455364314554331,4,41.7486970314085,617.7368055411561,1
32.16002074532884,7.116951668576118,21.24889723043613,6.75827664807908,3,12.910495049585084,421.8175002998125,1
33.3834539966501,9.017355436155526,41.632055645581126,2.919667389557421,3,18.058459831726417,531.9481940870276,1
25.783588744042447,52.505536478314994,66.52972131952296,6.069941344727539,2,36.10107511001675,147.91088223596063,0
19.773006265215542,27.60428772203076,87.65578971232564,1.7985256881109155,3,36.68979314532958,389.8932155835074,0
30.135834239541165,10.356530614439864,41.92943035981641,6.753374951750199,1,43.62143519796775,619.6138405371032,1
40.36286193418852,11.734477498396288,42.17423860308189,4.235316118048694,2,20.49937818865907,127.2497489241838,1
25.277747444828613,7.282332812593413,10.215049662946612,5.926324195757642,3,21.22360863897476,757.4811290545615,1
30.453938120743928,10.980613941772718,44.40473160794605,8.702108353699533,1,32.278083666567014,781.6908406114376,1
27.17538269709948,5.616249929544814,54.36332078532827,1.4548428692770914,4,39.15608543163,320.90839162966535,1
31.04830660958196,3.581532908386603,31.688894091490155,6.317908269562073,6,37.15612083438828,757.1475165269865,1
28.42348145370016,4.4352448480945,33.079416778798155,6.79041047003725,2,11.619512973132178,443.80090705360976,1
23.95753198553406,37.874914129045656,28.494844524916747,1.588728099675226,6,22.78472502032285,-42.48859854985437,0
21.47765249747573,45.44654806316365,36.2906103245477,5.77453460086906,6,41.93983854415652,521.6865041374608,0
24.535452023696728,59.498158836495,56.98279704272329,3.7680876129731615,7,17.632379657852283,23.843579096463827,0
28.183704217287417,3.150385081004915,40.398300306992034,5.71641326774075,4,21.86006284095756,470.80665478952267,1
34.38838410949255,76.50499154856307,43.00555263749442,3.565215672681137,3,30.02939624576793,808.881308425908,0
30.47015093141369,133.1668587103027,75.36010700119262,6.985914260905928,4,26.32887290352928,863.6272157968208,0
28.28324962448553,39.46472687918052,54.4596844636834,8.204422777463352,7,24.525148419585435,349.4024119456386,0
27.715271881394663,44.57001760607068,77.9339349222061,4.346642868182026,2,31.0656905410079,-6.410297559303444,0
29.69248203747207,60.77435289306556,59.98702125638305,5.914080131192734,2,26.150264419133865,42.92065679954999,0
34.827548228157724,5.436767608119971,61.35631112960918,1.2171522163001869,6,22.57906543466042,683.480468464905,1
31.045690604535885,74.10934482459356,43.19790014655423,2.74777204844252,7,10.447972210228166,448.4568608591978,0
33.5390088444603,7.991596784625487,45.48056383322971,4.313874913228674,1,28.061854438922257,319.77562080842966,1
33.89648592031913,22.269391910543423,65.31346527991205,6.282558038821152,7,44.11935876120546,254.1839508503628,0
26.32107650354936,43.20082000344837,64.13762850160361,5.87733592511652,2,33.55774594029395,152.9010633006908,0
34.12728780892482,4.352242370123241,27.33507326815744,4.848980054866385,5,47.946246308262594,731.0150326752757,1
35.75693561685895,6.146256053912396,47.45218760703882,5.531865172636524,4,40.69113204214593,555.488776202626,1
33.94289302265482,8.421145056094442,19.15555493716681,5.277885619408031,1,47.79341812082949,949.563908200956,1
26.98903673783053,51.89427107515685,65.4884587108021,0.5183065119545232,6,37.75968433557102,1020.2125863267858,0
39.97252531612486,10.005290025439868,40.28622441669652,4.395937954434474,3,47.74534682593979,94.48774039260604,1
15.641777499363553,42.9068810976069,50.35748856994308,2.087775807042064,7,47.14088300169719,703.0982292125162,0
24.95108547840309,40.02862811295813,24.708908068137976,9.17549197175029,1,31.88112585697791,616.5941738099932,0
40.41963845728935,5.630132111986919,15.832458052386713,0.6934478559127344,3,11.336120263097378,454.9556503947683,1
40.77397090992182,9.758444727261406,35.641022839853,7.281717973403228,2,44.09461397048175,460.01638543125335,1
31.4217585880588,5.320893665268357,58.07643480175044,6.202515924087271,5,37.24837031286195,625.0619187770121,1
36.988432634247616,93.5390776693233,80.00519058035607,1.8412686012739967,3,38.111315086639,297.9381056308272,0
42.30751788318199,9.40618557995272,24.49397699937897,9.119835816828948,3,37.43417969605967,144.2235202439432,1
28.8728890641592,38.18843543493188,82.8846654166513,4.881265097537191,3,19.293421836960725,314.8142879363338,0
31.19296229388687,55.65057122303549,50.08394274598001,3.4652383871153827,4,39.99947937519901,949.0640821552568,0
38.95227812904989,26.102061756325035,68.33159675516727,4.682697633061975,6,25.65512373454988,520.6718399362916,0
41.40578534720295,1.8740626427335911,22.48522326825361,4.000772813554535,7,44.35005036763568,685.5669070933773,1
37.245046129184445,3.2755991741202792,34.49023529997223,6.805320578764971,4,25.78516279624128,-121.6405348289461,1
28.07005269746025,3.641983093443115,10.0,4.002097752548163,2,38.33913012547341,865.0170477493841,1
20.9314275154751,24.393839695524328,59.43340902680119,8.878065401595958,5,38.28482455777524,599.1839783271217,0
42.37700399322719,7.102966080961825,49.93375278543608,3.76726914163532,1,22.86948119433111,222.5222552842178,1
24.615389998470206,119.6771210979425,44.8040015859943,3.2895872353778204,1,18.10627687961724,857.3519134820287,0
31.93251387631033,0.5234042447401663,23.34361376121336,4.628229127854207,6,27.904954906621,738.9020059246498,1
30.7811500470033,35.43654556223381,81.58910002471312,6.160145788155107,3,30.311367478044843,31.948752461016795,0
30.982098199488192,1.5984845080917909,49.29533382418168,6.540044974261416,2,45.79642570258663,734.3526008862798,1
44.8985466882716,4.93189907297212,41.28936082025823,3.348399499824372,5,25.073422440646628,364.7779168091745,1
41.26139092254469,8.04347107037305,51.685448014451936,3.826942013814728,4,29.08519069582733,316.69966277311124,1
29.672283949935125,68.1137858139286,47.50419250870311,6.836062937359973,3,13.67584368308425,954.5954282971404,0
26.93584439832788,6.807053822190128,31.053737221100228,4.888532120212773,1,46.87822520531001,504.2325068759375,1
25.940615169387662,43.75042832567354,53.51199470602665,3.258891288707693,1,42.94897144547949,396.50505141287977,0
26.63638215126165,42.18094098553303,48.62916675791919,3.0592320364974936,5,13.967781204515145,177.30485492753377,0
28.75196893238104,51.5048650974513,50.39412521636932,4.593638526758239,7,16.15896518975316,370.2021459810224,0
41.41012248237517,4.766391766716748,42.26366445437604,7.365188718139779,2,45.65815492578997,616.303963709854,1
31.12833673882503,64.49650781475664,53.84173834798076,8.981789265888414,1,16.385197330110564,617.5486123148305,0
27.960136793416915,35.15604532354284,63.346325581878105,0.2626175862956827,5,35.877868333492216,488.7309471901426,0
40.67981901582625,1.5469757707636485,49.91654166521759,3.4072510498209816,4,46.96591796546796,354.8046981198341,1
27.813888817450792,75.83482903641277,27.76687555711996,4.0675784356121385,4,45.064211134823935,887.440666719609,0
30.36168926701116,4.421628742953381,40.26183197878984,1.471103655538883,3,34.50371233103506,999.2576164351698,1
24.65463630670041,57.93501274050152,39.276232544214224,5.399014652877777,4,15.890952339933069,683.6514855855752,0
28.85208111187744,71.28460433263464,84.63603802108963,5.656865981163098,1,24.872119650981432,732.0642845321054,0
42.37630436312632,3.462602306993708,37.04828576684525,1.9867743417132124,6,34.340184518831464,163.1255967657288,1
19.537676851425903,37.96997585168655,29.74982958140752,5.28231082938239,2,25.29458391666844,351.004684361526,0
36.11585291980957,5.515582238097847,33.78441007442224,2.3258497842243235,2,28.820203159693087,556.382532929827,1
34.504585938121906,5.54810566700936,55.3480146002198,2.8051208469300817,2,14.18217832604097,767.5632903710823,1
33.33525132934629,1.3063733911973572,41.99181722615597,4.881463954799318,3,44.18430250933485,814.0863603284628,1
18.9900978120999,82.34321988150162,87.82748479143987,1.8934334949460403,5,28.00497090540955,371.029968437634,0
36.581638373512405,0.4520941971905359,35.486919319127125,3.5585320256491384,1,24.842589392141257,858.9881362481726,1
37.54708320235065,68.34659537933149,52.5231561666724,5.786229312116068,6,40.5698248340952,72.00523675689584,0
38.72710023077489,5.751651896454765,40.66911586651434,1.0414033939263398,5,43.907247918488665,116.76901884639722,1
37.151417270159214,7.48384281334453,25.52085490600664,0.3478725732216565,1,35.66479994857636,494.64135353367993,1
34.8195456002618,6.623541034607596,46.84753502751693,2.615947316033629,1,16.138273284326484,271.8198006724583,1
35.79464294893383,3.614834453184183,42.95113485648559,3.322063120711645,7,15.129197892150966,617.4653525780282,1
31.070833500217127,40.54403620123017,66.53868459339962,1.2770310988890232,2,19.85911638306945,-323.5898661017154,0
27.83436513563101,50.40419366100146,45.99233472722254,6.201876761423453,3,15.11415271634782,348.8832989511639,0
35.207843103289505,58.1885261456666,44.00096974293735,4.362767515545521,5,27.362843272639218,837.0281861287285,0
26.3698823391608,65.4100810571754,54.1458931191281,5.25212465600681,7,45.82604921607674,556.1321300375275,0
40.8667990162493,44.3513656269856,29.69164375096448,5.593102642862611,7,17.52799926719449,242.76727113583505,0
32.474621884722204,60.75751793901944,65.20575607635507,4.730400295813042,7,45.0481344889994,575.6011283605785,0
33.60848903098007,2.206318091234111,31.33578673202645,6.740898339482615,3,11.867912715404522,536.237069750333,1
34.78120014285412,36.34433118665514,75.91938082316764,5.757667265378957,4,19.080051973536825,689.3673070915349,0
40.32737222231288,5.406146611130791,29.668964230742084,4.543813536005931,3,38.20138089053331,428.4183404856118,1
29.620419846973974,62.5439443525262,44.792560844874906,5.102770821248643,1,49.31779686480885,672.1301329705702,0
26.674431684623137,4.779129026502988,22.2771525750306,5.506016973355584,4,25.9417485746153,496.0150733122941,1
29.611712766174417,8.508681471202253,43.71680771578123,5.355556277169971,1,30.45182984984138,861.073416360038,1
26.51218248320004,51.49125462583113,44.22941779892277,7.418988987289558,2,23.16383521259038,689.4255818817219,0
33.632825147738785,85.63245718502797,44.60033881616248,1.33287157202582,3,40.87221873912938,462.000791795701,0
30.295900396142184,42.42006188817154,55.641743531864805,6.75690714599688,5,40.30039291274024,459.0733549167152,0
27.43835975154585,51.93710923761968,46.67329395508432,2.5758866965468763,2,35.10479495930824,331.67326070570084,0
23.300601068363225,46.0176589737933,61.50209247463558,6.962767984550067,5,44.12054235951702,370.8716903597853,0
19.19595594009612,33.18997318247378,51.73471510748307,2.2448472398706665,3,33.92951039407586,600.8226237516039,0
31.54501878794256,61.66326379163677,61.53496849685503,4.673384089996986,1,11.720558575202212,367.72934341674335,0
31.24140216921929,47.78653421306694,60.60755717502505,4.819585649984329,4,49.973404913244615,353.8498450912566,0
24.36431412087565,22.900555033067256,74.39888915395227,5.022190440639159,5,24.048680785539524,634.3088799185035,0
25.52460613968192,1.2000716051553224,58.09177652161425,2.466206574146812,1,27.77575275663079,464.6056716177866,1
24.75957829251338,4.857414812830345,19.317950431221604,8.158178912142414,3,24.601012161552923,568.9773036253813,1
28.4853877467402,60.08982848908743,89.17364605873414,4.440569421359255,3,13.769722656181024,924.2331171820346,0
24.86516471106116,107.47131285831232,55.82893893818527,8.400858592918185,4,42.77335009195444,493.72368878507694,0
31.251005889793305,111.04969168383997,58.84119817999032,5.162697766693529,1,15.980345580827846,630.1242828045606,0
32.08883149600143,94.82605724292776,80.47435588640434,4.335830506651609,1,32.63271971437872,756.4711767909207,0
17.791325657878545,15.015340092178755,61.65608936904708,2.2364595150328905,6,46.96311221177078,379.9641016096607,0
30.79381971071835,5.32819772118299,43.397580281729326,1.4463486768479503,3,39.60597574790363,-4.590635195623236,1
30.735486905850188,38.69196743103945,50.42616681464009,6.132850055975531,2,13.560127119307186,232.1680078171548,0
37.2682089830392,6.452489087717937,42.17361953996356,2.462616046313654,2,39.956705619140784,681.621351428824,1
27.57598642986549,4.146200180045249,41.15144425496082,3.806341623768574,1,34.48317272815437,201.82372124738205,1
23.725716640671152,3.1688516295111326,28.83159189410456,4.487194888935408,4,32.59273255840789,61.909269437233206,1
22.482053413921143,74.58732250011396,58.12082547736081,5.551968985824945,6,40.21355718015889,471.91729299009006,0
29.64034067105284,5.9206461655505,19.474553619189663,3.811300294520791,4,49.36659837932859,407.0867564580282,1
37.58647915794064,4.610105550650041,43.81639686140081,3.2567956036854,4,32.77340807104376,765.6731245085134,1
33.73251940865358,6.876149805532601,27.67772715064487,7.336336802908196,1,23.292396429598384,476.6231792964453,1
34.64097070924529,60.81805197469088,63.44797605200968,4.23263148984744,3,42.699930261026665,881.7449992546278,0
32.20295845601942,12.338440352661094,10.0,4.007444933820602,1,27.60576826151748,329.95600465929823,1
38.06693623763312,38.62147533827371,71.67433227263064,1.13675204564625,3,47.02177303448894,540.6474116950286,0
29.55625077271768,71.30882360140575,43.15173536249621,5.933510409677158,5,11.053893287756704,844.8462092031104,0
29.799777566515083,5.0321499734288535,34.68731866696449,3.903201721783341,2,22.66385393650587,192.28298150761776,1
36.85400317817755,54.35070553057493,30.54164196629044,5.136700887306261,1,23.55744879748105,595.6425018884768,0
21.150985102104613,41.01979185766858,60.84013591329605,2.962126659214704,7,48.09805052585541,341.68957642381827,0
36.9813340972357,0.9502125922835024,28.79727611511872,1.5912665834074686,7,39.25380380741086,567.1984906703146,1
29.920327244696537,28.82342926393844,43.84170902011624,4.796728304541895,5,16.46851113320432,723.8071858948449,0
20.682425259339407,90.06312222162494,37.69400813913572,5.62728073481564,4,40.17129332140864,352.81632979200424,0
31.61449145292948,0.8776732437540365,34.38201610919075,5.187466606347707,7,38.69737803513014,407.8854977224696,1
20.42404468900724,90.6862281512198,50.89748527300053,4.379557985500531,3,31.14519350146477,398.39928383487273,0
34.095095046830224,2.6396665286331245,58.1199105979058,5.236622296233339,6,19.8124199194392,216.5273831944799,1
28.301151049705133,70.86742174365523,50.14101248571673,6.2552224251849005,6,14.769143112714346,375.9653889584614,0
25.05213766618202,5.855850092115675,20.50543495206377,8.090475425527373,4,13.626483540373531,651.5784029522605,1
30.008558610494703,38.33445944789102,41.86414621750218,6.249164618634488,5,49.02419874356448,623.7067907257845,0
36.19245387225821,2.634317255114475,36.70532476699368,5.104725794406525,3,28.19841269572044,481.00903316559896,1
39.50666825977744,1.2987442117899275,11.053296522924596,4.4037388414683125,2,35.09502017741448,549.6474692399421,1
39.32824384460777,9.78838101628872,26.49918651003626,4.9470327434223424,2,40.56372000851926,255.6791537020428,1
32.84322495266444,49.53648844091553,25.51106508779533,8.722514747961057,6,16.86775972513965,-246.2370276118388,0
30.93278564534896,0.5610537921294942,45.06044599520299,5.912243317504778,2,14.421654576669416,302.2027595668497,1
37.44475298483683,1.1689214318802483,42.9922794916437,2.319886219278381,2,10.796059349603112,327.6539883751173,1
23.936420644051744,5.05490395391213,53.4792675939797,9.416838182309409,4,41.49303349829581,923.2076961262684,1
25.951794906543974,8.780313156169806,30.60663106545325,4.418370774584826,1,40.4539862481157,573.5875227910806,1
30.6159335005554,1.342188857804367,60.78229510777133,4.0612036751290495,4,25.98025901042257,829.245491405949,1
35.40750348686312,3.84554598374121,12.60721225874934,6.478818977232925,6,12.208705070016226,791.1465378840139,1
29.03843843581556,57.704566224846175,47.88728414382777,3.192175669674646,3,33.093669007854814,983.8605112121384,0
31.28276804316915,36.392373819683165,34.15601254849652,9.183152739557096,6,25.038396385626548,425.9245017531636,0
35.31065337260523,2.90201713263307,56.3572708736146,1.728841946367504,2,38.9681965123348,808.1453107679454,1
34.81484618345286,2.210826757031648,48.77024922876883,6.010422048171381,3,12.84027120890354,538.3781607123738,1
34.31051737131635,5.179079727519055,55.50836183602587,6.581442037080812,5,43.82505200460075,122.280526565542,1
32.07344097364599,10.88087146997737,75.27657758458082,4.532004858906874,1,25.943986508738234,173.40954708228838,1
40.63466212936811,96.9478055547846,70.91791414414874,1.75506933821488,2,34.35033300518212,-32.79467408856783,0
33.74382850186052,119.4034804151876,26.979971699938844,7.397285217990927,4,46.197180679272606,346.06182609071504,0
26.64553750969444,3.4994232771172467,47.939593176858594,2.8749848489793983,4,41.54207368033026,767.5101743208726,1
32.48497982496359,3.783215654144853,52.88032767198439,10.57209987562665,3,46.20312511177925,316.2731327297396,1
32.17846056032571,86.22785427552934,61.27972031225359,6.281921598406192,4,11.863197683461664,491.355019523413,0
34.04183115296571,20.3044219367191,50.19849285474874,2.7583056928688605,7,10.715139361392724,554.8743690860767,0
30.05911590729385,5.972476468373102,23.15895061946981,2.262959714549567,4,40.33822989236506,559.19402368708,1
26.1951691709046,59.31771299967171,68.2317065811326,4.0007733527570455,4,48.90057928638971,612.607908843342,0
26.827064333124262,74.36422247960093,45.9555264977176,1.5637250192479284,1,38.74125272488984,815.7641932204247,0
26.4541393826568,38.76315510673035,58.48729927629051,3.569558096401225,7,30.97031711615342,284.64403569378936,0
28.69106767615806,7.401542734848972,64.33262378304781,5.280028973751231,1,36.76320067449133,451.4698156502993,1
31.21361379933772,112.77476543082273,76.58239569181333,7.327051719252653,6,21.9954296022322,630.1249057882887,0
33.154997612479754,82.92558048253936,44.22279220360163,0.2184356913495246,3,12.273622828495538,469.3981159618215,0
30.48765156755936,6.142924609815208,32.83221405947238,7.236762564221161,4,27.154174452265536,646.022450647418,1
38.33455574593312,5.88864630556036,35.58542485209698,2.526002197275875,2,26.38073921114856,541.795889218868,1
22.06200790485244,48.68554879506423,70.113710241441,4.37287177405887,7,17.48692459707788,649.4335986933625,0
30.47387647822666,9.337903669098576,61.76881985431919,3.776796841594272,1,16.7954669922648,213.668412112711,1
37.04908544671317,4.142709541557484,40.3719795194291,3.277273894100904,2,11.231462754429865,677.3271593975664,1
28.88115519652097,4.934858947115072,21.94092803803345,7.120577281774634,4,22.95904426246156,210.4863258271461,1
31.55807439044445,61.87672693592469,63.35103758253904,6.730313100240524,3,46.31562401651331,857.158893115303,0
32.5711382433102,5.840667225905047,33.94843452067963,4.259134797179121,1,16.616036180054362,362.2338806032278,1
29.27540456595525,4.064642923477163,57.99005171392376,4.7214625866648285,1,41.04607456422492,832.5333805168679,1
28.478281547286205,3.905301923986386,35.86915061772889,4.3464053142014185,5,24.89875755648433,438.5202577275176,1
31.30205185922413,1.4641457782390908,28.82864567140244,5.586687083854459,5,25.965666443758057,406.7085600541783,1
31.164659088777555,74.93223803314993,43.96826619411935,4.104805618967173,5,34.008101883703226,354.01064354321926,0
36.55854240071172,31.33321735753269,57.756990594901445,1.250543438877184,6,20.155360438442727,1070.1947125166262,0
32.35783118609696,2.866759003066256,18.262742153306696,6.434158073992328,4,25.581966579260897,684.4883696140324,1
36.637715850503554,126.30765945346376,29.11488619937346,5.575395214023435,7,26.25292127382317,189.1012409485511,0
34.999643649981024,7.530125522898669,70.2711607407673,4.60111256822389,3,33.905159727822394,45.001236114223616,1
25.801344708629124,51.4221907759714,68.74852270966453,7.4358542839490305,3,48.65637184493716,443.8827450579012,0
33.88650246522426,11.727501573010192,27.81457158568717,5.599065006086424,1,46.1110419105818,967.371629695507,1
22.77595402989484,72.54323951922972,54.81784883291851,0.0427237617441536,7,10.708177802929487,342.05529356152306,0
26.591076955697464,22.74767297280292,56.94192902687799,7.085083184185018,5,41.74364788809294,593.6186395180215,0
39.38270174862948,12.08674524832514,10.0,3.3535794970518222,1,24.73051159487653,816.708274664945,1
14.515566785292142,56.94042131574427,62.49950038389774,8.455104085241363,5,46.35549761545872,600.9749136377105,0
29.60412881077355,2.121202025231834,26.607556040228808,5.886476196170426,1,11.282540683781663,200.31908712632264,1
29.17960684631636,7.099619873998653,25.119346588342992,4.46340364588389,4,24.15623305027435,635.2437008995399,1
39.86993381645016,7.183241755241887,30.923998178278907,5.480228995443724,4,38.705823453709705,315.51676924518705,1
35.61190678913886,1.4054417624306506,44.00847926273144,8.347053683435185,4,31.741375134964947,596.4957978774758,1
25.65412173947648,66.70125675496156,54.89314581687495,2.992300545938229,6,32.37207488307308,552.6722254777466,0
39.66369456501289,4.825674124996979,29.00102359770469,6.41246194953414,2,17.76610786474196,294.5563670783312,1
41.00841557090197,65.83836547592323,51.83396995172209,7.372922074660648,1,39.04424273477674,368.471789835418,0
31.75966516343388,51.88027205391079,47.49420864819349,7.164707746324618,6,25.903674772425862,352.5366758579286,0
35.256956256528994,8.126341553423503,45.74623235567229,2.52667406662987,4,23.30691946121296,365.3274838060981,1
32.078686062696484,29.912189335590792,44.09018167746584,0.4121168303069566,4,14.027744044152124,-45.71530459076428,0
25.140494285343216,6.151460196885301,33.78415312052151,4.569187744058014,2,40.54527662188536,617.9885414499443,1
24.57219813481514,8.844935104078742,27.37009330357599,6.392272483939136,1,29.009861063488017,-15.679123886154116,1
38.52739403577164,3.211565341403221,46.5144411399304,5.780307880026906,3,24.01880809271712,584.0707838007482,1
28.91671002869176,33.83017509759001,80.01073514407925,3.476248742056483,3,21.14854860564596,52.36939485639084,0
24.753612274669965,31.16004419363007,70.54235891707756,3.813158779644153,3,47.30727609442009,42.50451795678214,0
19.301431106109504,33.82160397661626,85.20548375997036,1.757983430847322,7,32.400159569156735,1030.973920296678,0
33.24110293150168,3.623014171014445,40.75804514189368,5.277664165435627,5,44.75028922146349,1259.1109005925068,1
26.65296582777721,16.516318696264157,65.9786485925855,4.208799253508586,6,20.07153813387537,409.5260576626685,0
25.449918005726264,34.85403023793996,57.80289553348103,4.196058055886074,7,16.91158607529853,676.1172603783607,0
21.52659262139548,110.23784693218457,40.29295697617154,6.106003343807304,1,48.11215392996693,606.9237750603128,0
29.49646290203246,38.90461866740763,84.90794408848892,3.6000693279189333,5,25.94565340785536,173.63209636722252,0
33.12046240905208,0.7889822964986527,40.33675618416491,3.537350786102783,2,45.45505538497581,347.6917614830868,1
30.75517925760463,3.726902058672041,46.0103775562856,5.2168249467058025,6,25.77032941982981,454.4146629584042,1
30.24243257979346,2.6746428061897527,34.67317516764252,9.147557365606566,7,20.16084596382251,192.0939132830312,1
24.99316178024393,40.6478261740054,54.20136144866196,3.5521836216914533,7,27.289083019641687,633.7279553651385,0
33.54351790291454,47.11373046836496,64.67556783173495,3.351029388692977,3,45.60460545239237,-99.5034901433878,0
30.71649014518194,45.52533403310045,61.27859328986732,6.429061382104337,4,47.710880044211066,529.7043348461772,0
26.756544369082263,69.31153941923296,19.17561323873231,6.862231816781868,6,19.50795041224915,-343.1884949854251,0
30.58829510234561,49.13689393118699,40.72119789656174,7.445597271941112,4,29.2980588152447,453.1170989884871,0
28.24430035162852,34.36226075640097,60.39303915276803,5.607208542567439,7,20.682437609574407,343.2755814867472,0
29.219003568856,77.12830101962018,76.06248910150595,5.618013865548696,4,29.41489484818202,536.0595676238165,0
17.662789499800617,104.4903385148106,30.92357553934081,4.7103182465284,3,26.95824717853048,-116.04596459676657,0
37.947352444623206,2.9543193899872384,52.06384409421166,2.5008881945210395,3,20.087806457116727,654.6981890250183,1
28.659547731784755,8.555367146124569,39.87456833313909,9.170821244184298,2,47.80754319038178,274.9931955302849,1
32.23490296882371,2.1183083217050465,37.5836443410749,0.7217717511382977,1,43.546286179698285,-217.32356958518776,1
42.610780985063165,9.85578150365714,10.664576390185076,6.507471274356897,3,34.94968981998164,592.7140505072105,1
36.21007580068185,56.1270314424324,52.73271570064854,3.89000122377158,5,35.685165874570416,768.4790184696682,0
35.95515973521523,4.363314711495543,46.57752654348607,2.4831703388701585,3,34.99689879153826,311.8854155906778,1
19.483087803224223,40.2197959635031,71.95329657756221,7.106000054597482,7,48.96124899888255,462.2761107512682,0
17.874287066711965,24.209132252286672,49.39855457475729,4.243446910845183,7,37.261041195466014,633.4904946128528,0
35.56499215086194,3.55009777689304,52.978674255159135,4.0188583302282685,2,14.64723100047564,554.091515401251,1
28.0755084345888,5.890833949760325,31.719345772554007,6.727142718271624,3,20.8293492968693,1340.4118968904936,1
31.039482548582697,62.14270195961913,45.6587865999714,3.1079403472980776,5,34.89261425817057,519.4374050370143,0
31.249722064837368,2.36039509257432,61.62707993523861,5.702104961909358,2,12.467211850123816,501.83943513056806,1
30.28376609576892,27.555579509365906,42.97136193325064,7.624168832214452,6,33.68760721716873,90.5971022298375,0
25.53121708419344,72.87155177365864,83.60946754639829,0.8521879900567075,2,49.57333147313101,721.0290035503691,0
42.719720446626624,14.077819003126484,39.824147451862096,8.61813349728882,1,44.9353665748419,523.2756168459173,1
32.75211919093025,122.25174893923642,49.07177497323924,7.543048295307877,3,19.492708168155644,137.1694013122824,0
37.74636663142838,3.552218635313428,10.0,7.584858748674165,3,38.6451056190695,131.65143018290237,1
36.267077793901535,4.941641286615121,30.564149029623927,5.461394636668869,2,34.86518312172854,535.5050196965532,1
34.56633716556678,9.823908589157792,44.86388194052795,3.701379249259221,2,29.684666283434463,961.2190192052868,1
25.18137723598013,36.033022592616135,73.41906021077996,6.477646566900731,4,44.70821839066752,259.9331793800289,0
33.677828200902994,31.10346908421905,41.961214671761255,2.8026900737558327,6,33.22479041929415,360.8436711482163,0
18.79562884334177,21.41268630733569,12.558267834038888,5.382576520272505,5,41.8114817918889,575.2853062136129,0
27.04731837434656,3.857335497041854,45.41799615627097,5.4351590726859245,4,45.54772859139193,460.218776527851,1
21.77672648344292,11.74236689749291,56.654012778769854,9.181059803943224,7,39.69830256854226,636.4113189250323,0
17.63304883795925,50.08141431695071,41.55804298041231,5.987032070405757,7,42.37892838461738,751.0973463901021,0
26.926216346535668,0.999525649903112,57.76271524550822,5.193487825878094,1,18.17866880790302,542.3343490116779,1
23.82326473370121,9.236195159971263,47.765916846977255,4.364419572175378,7,16.840434176729136,105.74014111306724,0
28.854327190639708,64.42888170120351,57.97197476703813,5.596542209201976,6,28.043042872994384,255.59430402869896,0
31.073561705611457,11.44716073793148,27.086327041099626,8.292658415390914,1,24.44398562505868,340.21797299795105,1
28.47494072120796,2.0206749848914893,10.0,3.612918221075629,1,48.63166120427871,693.7392924811135,1
29.65440116107229,79.57752954441112,69.5090946259253,8.88821540705099,7,15.55103536450523,-97.34204468639996,0
26.991899950525426,3.7015328844965656,67.52230216880054,3.5964991157384283,4,25.91514349909474,560.2215622275169,1
47.26365745327361,49.52138194257775,39.13903213384154,6.942843729632412,7,28.95040614954881,414.5631771453815,0
22.82378838790313,54.82856504373367,53.15422613515151,2.472461845558916,5,37.7868691838783,641.0040983739984,0
32.90510779351854,2.245549459299037,32.9988128413743,7.323217627314275,7,15.335969407099576,713.7513326276483,1
29.04191403973776,38.65820511851326,57.54062576907417,5.127080101004673,2,44.99908234496471,591.5256214120259,0
31.692332899977053,46.88510710996042,65.24890584254989,3.766732880289092,7,15.925356880655324,356.00955615538203,0
33.73244237948997,4.230005830734871,53.67747667770056,4.985454810000587,1,35.369119952544594,954.8348541065128,1
26.75481980221811,29.46791393966711,24.504988964949288,4.073872111531965,5,11.402597960748748,40.22052962067141,0
27.95440501677898,83.80940409038807,34.96365006239978,6.960525905443367,1,15.61140051151867,501.074780549835,0
23.7473977289535,43.50309746523512,46.84790339119685,5.4031602283991855,2,26.036108903165044,-54.433033716561,0
42.8162736165273,4.072458261999298,40.60921130448299,6.317870709707368,5,41.00584310914378,177.89214614076076,1
30.142795670021044,7.622189196942409,59.98114289075161,4.533806157925701,2,29.115626437829984,362.69690210347005,1
27.11526386252975,60.66284639276503,42.54674921661592,8.29076366541427,5,34.48836253028863,229.72366443375407,0
44.79099642834126,2.100084333304595,30.58835746785249,1.459511648049027,5,35.1080165440296,586.4450124620764,1
22.97929616623966,46.32944065785716,49.1568580812527,5.441795312162775,5,38.34914319619598,-73.34779757814636,0
37.54091408368758,3.8670818076380913,35.04435904988534,8.651994423482094,2,27.91769668708657,620.7548629205965,1
25.240709270537767,45.38685806597394,64.6303825230298,5.17056813746648,5,39.60143779936708,765.3327312145213,0
33.22483285554361,10.399376243089796,33.088374794025206,4.714691603821592,1,42.74170319622012,722.0376992315732,1
24.805191261552487,36.292446565707294,38.90232235786795,2.610924985927496,4,34.00874444247877,490.13765445426975,0
34.64902088957641,7.985749603439957,61.81984718243834,2.957874003586288,3,44.01194946287167,564.4948452363644,1
25.81524644560959,8.69852939027295,59.815926075302,1.6217750920583105,2,30.75558126604325,105.53640067867644,1
34.64846377178365,8.100308956225556,51.561532096527074,3.605432639060372,2,48.06414249999152,831.9385312436215,1
17.75728689684962,3.0881357153173536,34.224447963606686,7.236366034301415,5,25.68118139214365,190.668184011721,1
37.38085419607943,40.68033884650543,64.00178426194915,6.900514387737085,7,41.408114716513,222.1510209550375,0
39.64234213206266,2.299457377358749,15.706659568488917,1.4535851844219063,4,18.9558893322274,474.1513687701516,1
30.219097140731144,64.49604320650876,43.85837733206936,6.280339272246101,6,47.0211728658758,49.75939542134756,0
32.83226104106528,5.4498439498032205,15.613276028872242,8.089969590764731,5,31.00409592568976,568.2215236974862,1
30.691480395248163,81.8022760434279,68.09774711167908,3.611646528229296,3,29.368522630391624,216.0306444416556,0
25.60625689168261,41.3576984593448,47.961312435060165,4.720402161978501,1,14.86491562720377,696.316440218229,0
28.88650240089703,5.526314099528662,62.85287968343559,3.594684509766698,3,12.141786035706996,691.0724237008956,1
26.077222278850872,33.99316606860528,53.48012625655157,6.62115584066001,6,48.33004688930013,434.95188493335695,0
26.762406822242475,15.24143595975319,50.329781693309535,4.10178506234137,7,43.48959998061837,663.3379608582387,0
20.49039417632208,5.874801107569028,40.56439485767528,2.828154941420732,1,16.661823543752053,175.39466448741916,1
28.29609217007244,70.18231125158937,54.92343136652104,2.4181134993495665,1,21.41111987763519,559.4651983162461,0
31.40976485647482,86.65846792291951,42.34897677314444,3.616137355322718,1,15.061778348536324,534.4535270833259,0
30.02490855480477,28.493284205484485,39.53930603100821,5.330978786245121,7,13.54531898998323,698.1029163688045,0
25.178762006713058,82.01385357304106,56.09587288224344,2.826049492698788,6,25.025949419720032,607.6544218036756,0
32.10241090598682,26.8894149137156,54.81380170711608,3.5061446132556098,6,44.361853188266245,288.4049828252455,0
22.594717297958688,72.09278665451893,51.845170067442176,7.390905423505961,1,18.06799850524101,610.977683901317,0
24.216854132380483,2.9453639178349644,42.82349909051701,2.9191801162565167,6,17.081657642396255,289.4128105114635,1
30.59662461566613,10.05570729001924,44.58346576535577,2.8441882776968264,2,47.645613405833615,812.6571730949051,1
40.14198311564269,5.083368983644887,10.0,5.007922561849175,3,27.53331102457416,766.3411806736545,1
27.9018110053666,68.76628209401767,66.66958545199965,6.61269682214986,5,12.625119813429617,210.4357769748356,0
31.91788551963624,12.077121564047207,57.86119174037872,8.761607037586632,1,41.594724295189714,382.1821284722547,1
30.8629139067808,29.633011149311017,88.18585956386514,7.811426102031653,6,29.378912361327703,668.8731980855256,0
28.01552372264761,7.646966989503839,26.7324539040997,6.339245264760568,3,33.611962870223984,557.8585529450572,1
33.79297789503702,69.5491318302563,55.65378397584364,3.650243007139765,6,43.965289919540425,369.8028613352129,0
21.25907288947144,31.99848183933101,65.04712147014007,6.986669003215536,4,45.08619601484777,304.05878302101775,0
43.26217902672154,2.689971656526437,34.000269582566354,0.6041731088519784,6,46.21874768549662,729.1004449156985,1
26.80525976566795,83.23778786984346,36.028490752217216,4.195234604951329,1,23.22531819438168,305.6383131060436,0
28.68549541224526,8.659320764918629,29.53575324086416,2.932528398875548,2,34.38774277496154,303.8773910579098,1
25.37739866860113,92.67775446398984,60.48864006872241,2.966951275634796,2,35.058554210162235,319.7338472438562,0
23.19618620422091,6.698916103218982,31.96664380451808,3.7231751626609215,1,43.15588447903511,511.2690054143335,1
27.333660204634025,6.674631810802362,37.46520252767738,1.9764257080621284,2,16.791705582037896,608.8987110298062,1
32.933833822385395,0.9805632572984686,10.0,3.4380605856796915,6,28.89848455659562,307.4535788166976,1
34.56892975456104,4.948409767231914,63.360652261053644,7.479873614577182,4,23.22403239880008,461.0980843914198,1
25.482621729419005,99.88125412808252,48.90636326695708,5.669788883504585,1,12.124824967960045,660.9167656542729,0
31.052928726419115,66.25358408588062,46.668328107024976,4.555043733400283,7,24.896026641414245,875.5842363539472,0
30.46658950440445,48.25435925094262,69.56207278805805,6.206962020603074,5,48.36175987485631,178.04291777988522,0
32.95549534009952,1.6427824087096103,50.003085176136864,2.727100122678591,7,33.08309770527062,755.4229810287964,1
