FFMC,DMC,DC,ISI,Temperature_Celsius,Relative_Humidity_Percentage,Wind_Speed_kmh,Rainfall_mm,Fire_Label
44.999457817376594,5.065178865103172,5.516526391858045,5.93164432230644,13.95053337856796,69.13471273062092,5.1067423794995435,5.222927222451322,0.0
99.22554329183379,5.327074744033421,4.925245913478633,4.864153765888392,40.25318264450721,7.88624087374963,5.157613509023881,4.065318121568992,1.0
52.914500867021076,4.073366405781195,4.745377034024628,4.193352899293439,13.625019845315132,70.29826467193345,5.902981420353575,5.58518962641827,0.0
96.61728404679687,4.036220367641681,5.601173398218165,4.083345801204769,41.260547089808014,15.057510401311697,5.936131624101518,4.064886892094374,1.0
54.50743200469715,4.160467491323285,5.2636270540333365,5.736113380214901,15.9742924257342,60.63027470959082,4.318984525082716,5.449196573695258,0.0
57.81316910923685,5.939828795629206,5.848792390753061,4.703245374479269,12.347544217249713,88.59360343182414,5.370887766443803,4.537124334907285,0.0
88.26381909897466,5.108356005031586,4.187801431578837,4.668476637392121,36.56760428651639,9.686501313010536,5.0553549324433895,5.795929293695577,1.0
97.86786675276234,4.684163497431815,5.200041096238607,4.751776570291539,36.13965887119241,10.35994533768756,5.256852913229174,4.328811058157758,1.0
43.356291912920575,4.327311885731409,4.818668012630086,5.2304388764620215,10.392650516486603,77.93424040204542,4.44472260949634,5.1904256682537495,0.0
95.56047178887485,4.8375410497841465,4.060774119393674,5.996695022785899,44.15289940379274,5.89721115255434,5.883383973316061,4.462950427530596,1.0
95.905277905212,4.1502755634716175,4.011517320996243,4.96593774417071,40.37275673668038,5.89176185468288,5.842615024425951,4.452158142021125,1.0
99.43087748412027,5.841683765234745,5.634595539924987,4.041889922061825,37.7913047077427,10.629546049018387,4.016727363753715,5.227940612650466,1.0
91.1671650471998,5.82882389184992,5.141219493277659,5.47132622847838,37.52322744263745,17.32581496708289,4.746245236844767,4.270919073589382,1.0
51.29181277866927,4.8069657324247945,4.70142363090342,4.424089679816453,15.446308711071358,79.74922318518185,5.937074663399784,5.247996971057965,0.0
58.655058781206264,5.040327002223987,5.749403345368399,5.902806684413314,11.238460267058175,65.92667717035435,4.410665877413599,5.60760978096695,0.0
93.56798775944371,4.19888278551869,5.93964209015709,5.45292343022601,35.17498213987388,21.016361997195006,4.077958641322261,5.259641308869416,1.0
88.58127656629036,5.330073349092511,5.235694480402428,4.441223905422422,38.54548208828607,8.193326987343015,5.349572604334821,5.669894411388808,1.0
56.981960399173516,5.49087894836866,5.360281543520601,4.720272814943038,13.076790894779485,82.81200201862448,4.855202667406674,4.34141672662496,0.0
95.42455199682213,4.881525493876456,5.263120440185041,5.090053837793876,37.44655054604713,13.453732393148513,4.528123969387438,4.510672747526488,1.0
91.65158654254066,4.683634703395752,5.611340305900106,4.735881502604169,43.58600106982498,20.559699431418736,5.995256594804313,4.616936562978968,1.0
48.006256723459884,5.236256480915792,5.7719554964723745,5.925853750475159,12.98066201170004,78.70138697879722,5.475769969669212,5.72931784371628,0.0
93.07330152802713,5.7961085788814275,5.450515320830273,5.693028677380556,41.55509971846112,22.275792459300064,5.014119293477437,5.876964316428309,1.0
53.83311303733083,5.2668017086334515,5.88946404458282,5.975571040429775,15.470453456155777,65.84874814495892,5.402279188834948,4.8136096019034476,0.0
51.5012114691763,4.277654345298821,5.885463548270251,5.3848723026487395,19.556494672664893,61.093831524768554,4.9005084922857804,5.902889651326184,0.0
95.15308413741364,5.968804361407104,4.977693160513841,5.121320188832342,44.14834949996878,9.96574959261692,5.513460334137136,5.245506806479682,1.0
92.66640732208597,4.357089324108667,4.65038012844939,4.923114948839579,35.57002387551934,14.717712123792264,5.758371545202495,5.86860822833498,1.0
86.23858237052916,4.692691988731923,4.364235831377399,4.083902446863273,41.50187166445653,17.746043130760476,5.6060041439156745,4.933386241768817,1.0
97.00206374128113,4.1655973358502525,4.787728811308317,4.236672381846775,36.6874943839823,13.007132536796613,4.550576426903721,5.147899732138021,1.0
98.72647681735045,5.6382046353484,4.897387245245062,5.459016457304793,39.55566781990109,21.453149369608546,4.846670288306395,5.7413769109148785,1.0
58.69087761431031,4.918271512476522,5.572690028831104,4.463894192231951,17.964405615234774,62.24687526005951,5.473070456669586,4.966361726627337,0.0
99.2996075137356,5.659483607414403,4.887500438609142,5.415361869481831,40.936846199087334,22.58786113614391,5.9912622189977665,4.786207815118802,1.0
52.51363824522706,5.732127779000817,4.078853622737012,4.036465165352723,12.486048846133063,79.05970040124963,4.705917006904713,5.633947814543673,0.0
47.1438466798609,4.850872877232834,5.164340920352546,5.005132152926885,14.3369433132038,81.0242525400522,5.827576887746519,5.0494712753228645,0.0
90.22077933215981,4.842849101184996,5.32760905524361,5.4914675654624645,36.261101416786246,6.982922245552478,5.4963678240976925,5.688424650572286,1.0
51.759832589276655,5.889531459764856,5.392577551756279,4.243772186673895,13.768668803471886,71.39212214464946,4.552638216931707,4.25935795644847,0.0
87.31781244985778,4.693906403792456,5.579397014284958,5.936977555188768,44.82482580601248,6.413932163687324,5.03601613280925,4.964264197839684,1.0
92.04110262983887,5.753531273523499,4.959877669434247,4.952036258737533,42.67764617714337,6.345692258430291,5.1213565898779,4.867687845710488,1.0
96.04709761928609,5.248297815698268,4.539499223033979,5.992668675254494,43.12850971536758,19.208436300248234,4.0448517783241105,4.012758086813181,1.0
53.58325136639125,5.9389408665507375,5.522055805004056,4.347049029973017,17.43905187302152,76.15089306303068,5.628251371182324,5.602891552445907,0.0
87.5374284076363,4.07309933569619,5.8014037280225175,5.510083857492557,43.69695884851634,7.877523107795604,5.39231229027585,4.709332409970166,1.0
56.72884384939739,4.567551811597449,4.317210210586147,5.107604481424753,19.65832319718333,65.52134316150641,5.872561242937853,4.680823112228519,0.0
56.047920611072655,5.023354884231332,4.162092431815296,5.329823448974436,18.009387215414304,62.98739140620087,5.865421016265523,4.916647189175151,0.0
53.94048332008599,4.570190337387694,4.574076266349826,5.634899416982384,13.388234824228073,83.07183399479173,4.819342106751986,4.898077535860252,0.0
40.779156926969286,5.087105722227977,4.065052358982504,4.519626417490068,13.278428378858182,85.9309879936792,4.8239161900682035,4.822394977765091,0.0
40.45129023410694,4.300833782207056,4.0678919571715975,5.854069089592613,13.45579585870813,85.73804741991987,5.5675196849682145,4.421586203100057,0.0
45.965449084682454,5.337286439848862,5.864056211020035,5.644961127268722,14.448524328275408,88.06183469003396,4.4999138927952425,4.4738666498132975,0.0
90.86376140261743,4.09393193355011,5.353026771554493,4.842496106588144,36.034750636465844,12.374503109416919,5.381767953101646,4.839254765613621,1.0
94.22604631022047,5.677796172891869,5.7896333121210555,5.528745324443472,44.97672263264659,24.723535945673895,5.313458969443216,4.915857988868056,1.0
58.82948475012131,5.45143901677672,4.978849927286281,5.529766523084256,19.88840541303663,72.91039597116601,4.103671598239458,4.124788137196554,0.0
54.48058377545843,5.3303944413924,4.426209408050166,5.054082927823304,16.633107095040017,81.03292762092809,4.490704628332422,4.893429054517041,0.0
54.40314921861881,5.408159536198447,5.747354228372678,4.706842758605436,11.688100057845642,87.98603070379899,4.594581580614667,4.612926936085641,0.0
87.00667217490953,5.302840776703729,5.345204236450252,5.569793954222935,41.834294151572706,5.3930296549369565,4.423271797139723,4.168255324518766,1.0
90.00664895604697,4.183164146653269,5.336425597110033,5.313910312534279,41.91777639141982,18.68870722138615,4.422463662945862,4.88421406935944,1.0
97.67296128115763,5.132809280593794,5.741506900674518,4.669022577483864,35.93017409262675,23.729866626204515,5.674734159540302,5.176704441966306,1.0
87.01650141054326,5.7442478178883025,4.40030048848962,4.169584032091606,35.75278716651674,20.902205650534494,4.1331294558284455,5.317435277454044,1.0
40.984418290815235,4.029089331335764,4.835533564334668,4.549612071096272,15.117804565694808,69.83651982054775,5.247297556580532,4.83721454983666,0.0
95.64507015256787,5.8169011226672565,5.035423286769423,5.790235481413073,36.04313087351882,23.191288547606025,4.151399454619575,4.2089090362003025,1.0
87.34543212467312,5.598831757937958,4.475088261748655,5.5310257979822195,43.90973884690704,5.265624069171602,4.169130756194476,4.167049829360037,1.0
93.64733354709799,5.4319444576947955,4.890610510005331,5.180695380917546,39.38044075905384,22.34023213821201,5.521702661861563,4.336407311533036,1.0
48.106507212939064,4.3845780376173416,5.559168947133506,4.171316499192861,17.635158436682122,72.65137852577749,4.016639884454384,4.744346510493794,0.0
40.4027569789858,5.7043630006370805,5.057874268054424,5.203223640292663,10.705356375929565,84.1552319208113,4.96607939511778,4.274296976305486,0.0
52.62751955286753,5.73101425178796,5.082533157352221,5.389902177804924,19.19208031053725,87.39689058837811,5.370268619748968,4.784187153809145,0.0
89.23825401277958,5.605706897196023,4.494206468020293,4.41137452439111,44.75601919156652,21.858909649123945,5.096838325987125,4.701638218670031,1.0
47.836217892343434,5.812944221929094,5.8416956956313735,5.52057964624427,18.15745380626121,73.70664215211801,5.741053932538769,4.804812518598624,0.0
99.5005921002769,5.87966424722695,4.9630447030251,4.430403744034475,35.51165506445476,20.97111676261198,4.230789284357835,5.818350528107171,1.0
56.57417967636013,4.474453583471989,5.4870165125832155,4.99392696581166,11.954580003683999,74.05670983773405,5.0052624852602605,4.069823105312448,0.0
52.42661248311414,4.753888858849815,4.3710510314062425,4.828259505057854,17.69746622857087,71.04750322185399,5.113756886344191,5.155782225388177,0.0
59.51557637097865,4.374087497115047,5.416344177290563,5.529619601805991,18.118067183508863,68.26700328927535,5.578585696639371,4.038310971102506,0.0
42.21207197746322,4.602755748328284,5.5531937055834835,5.467228761122804,15.7356328002671,72.62209687705851,4.857888666860289,5.634815694612219,0.0
86.386742755556,4.5862954605220265,4.861775047323611,5.231970900520358,35.26608366077684,23.296842997033092,5.650831328247897,4.292872513205632,1.0
52.30841559641671,4.494696203486395,5.449533543057523,5.362235707929965,19.052989990105154,89.09456593901353,5.960737481884371,4.710639496947776,0.0
90.83812927935158,5.851137025813553,5.603456166139583,4.370391135734936,42.35920406373949,24.627666684825602,4.137427355447922,4.695037590627509,1.0
90.02317435205478,5.8296918021362,4.3990849018582905,4.2561914927324,39.26894727823303,22.731908830047967,5.816456977400646,5.865109756838624,1.0
90.79431557718318,4.872253058270633,5.873211384589923,5.4441418764054745,42.81462088754709,6.684260223541967,5.132361382450142,4.79031059494461,1.0
97.14968115525208,4.054191985006967,4.718466738799531,4.595096902637641,40.46476361025376,13.96170974566153,4.176769893969038,5.11408102655007,1.0
99.49837659070816,4.996735545478959,5.949586324293566,5.623539576180275,39.59343655593956,20.927814452394177,5.780819034438657,4.918248046573362,1.0
40.94393403394758,4.224077804336105,5.559690790302287,4.161838566102505,14.6503633422091,86.55716636122696,5.328438769977937,4.346992100710044,0.0
95.40066307778278,4.1028516269685005,5.524570269553232,4.859313625477871,35.976100381089914,7.998185064942794,5.071870157704236,5.09973712555241,1.0
58.576159213757705,5.046130849538239,4.062268165769023,4.8521667677807425,18.390996987996115,72.32194630473036,4.115464318450234,5.0030359207003325,0.0
91.16670125492273,5.599710511894631,4.296686401924178,4.710986020882714,38.14162063836972,17.960606361104283,4.077876033375331,4.531856901264238,1.0
97.65719295487459,5.153032951028507,5.346864866649835,4.1541165582686626,41.4592789302304,10.625691271060681,5.858279040030926,4.8362895763255995,1.0
56.237322480207595,4.716325436065681,5.231726376364609,4.967091293439849,13.204012861402148,78.074075113718,5.409108856054891,4.309850622286885,0.0
49.72347308209766,5.255800778981816,4.447635229645246,5.065915573102671,10.69036936911375,78.02376448018858,5.428105446756254,4.7490964867591625,0.0
45.74442418410302,4.425928323017821,5.96816693839859,4.473741117948964,18.53942882141853,87.67935418810717,4.18413397216495,5.644762422370709,0.0
88.62488381228778,5.206304218932776,5.302465954082984,4.8198097793925765,44.683269600992546,23.943058720127095,4.312413137373244,4.785790217786358,1.0
96.09371765832614,4.544614653038738,4.059947179745356,5.60997799936154,42.58976831854031,19.652253984807974,4.7784609433835765,5.092917083456249,1.0
91.13773881187733,4.52452808859965,5.335186771127169,5.8813584902306815,41.43428949517331,24.045201567246476,5.605621869649001,5.80848658281513,1.0
42.399058834619396,5.426699171769105,5.446840227377169,5.512326657790492,12.040876611557604,76.77654395305375,5.610180636991325,5.500531527877684,0.0
58.841164389771905,4.341775174780132,5.265243786267896,5.281944154690664,19.615507321375663,64.01086963198308,4.6196137506449375,5.5455428393301585,0.0
43.3771692674079,4.996884397858114,5.734588401919605,5.417489395485953,19.108262646863153,63.938639160144724,4.90869084613531,5.999115406500877,0.0
50.00116518382173,5.027978978319622,4.59261624091198,5.173216926350948,12.841842957117287,76.58444627155048,5.413259739757419,4.627750993444941,0.0
51.10267573506377,5.537974830361021,4.153906403258418,4.827098203050703,14.17394782329148,64.98765991049102,4.5557055521794245,4.465011984415662,0.0
94.04868134026044,5.551055233390021,5.824726691233382,5.552894892999449,35.76969183008018,14.107898104958815,5.592482901082737,5.629342009419979,1.0
56.048035689026484,5.248475991827984,5.2333006290414765,4.274219411457998,15.973123783307118,74.25325094795507,5.262837842436753,5.769173776459228,0.0
58.41382801557239,5.461734950407289,4.546519053996419,4.478360208431852,14.271050453603433,61.75373961710631,5.464802098116758,4.522097052469697,0.0
92.689228661548,5.139779369742633,4.144893775589118,4.64935185378012,42.75877254469693,19.748628828542444,4.1380918126292,4.599884139554045,1.0
40.47892530540967,5.645074485846338,5.698391303130639,5.067205093453757,17.78046306483199,85.4264289916421,4.024313542954774,4.930019035052855,0.0
98.0059027356842,4.171017061708936,5.413554433770892,5.567583568970795,40.80755999055659,15.661105801894223,5.153404797715512,5.689331818180449,1.0
89.81100373467356,4.280226351532905,5.86775003505581,4.8252436816972475,42.47520636746505,16.716167884304888,4.0287628921441705,5.610860086091958,1.0
43.972891537948115,5.999435346572261,5.192539756964106,5.220667566621836,11.871242704105017,75.97412723651692,4.83666772820456,5.596586394418374,0.0
88.16454835929926,4.036781353094933,4.615859883182382,4.539641440256428,40.00619532333931,18.694503277620093,4.457750924966998,4.834386837129153,1.0
44.93714055191466,5.993273674147811,4.460017674575406,5.432301348446387,15.555495698856198,76.93249763339243,5.501879596726637,4.652507836082293,0.0
93.53957476618302,5.900474707641605,4.759571560358459,4.114109442302508,44.856007339528006,14.705812681234306,4.393307169905917,5.059881173860466,1.0
54.100818127071854,4.239524263638502,4.534056540338843,4.1782488642320335,13.8680724205188,72.19249609722056,4.5377070287643875,5.521151284910564,0.0
52.90437151689328,4.947923280525744,4.3530560640110165,5.156773834012818,13.922177934335402,73.13699661428737,5.344920996050058,5.289490497153637,0.0
90.91719086258286,4.026003847021472,5.23428997320806,4.710769137371479,41.25649912941453,24.045280290667446,4.49801747221818,5.080593063580615,1.0
42.63373806872414,4.654994704355829,5.131463927991582,5.24717137600552,12.408038160731731,82.99041639313957,5.076663886511427,4.932598825879637,0.0
98.40900266004985,4.22647609168151,5.629650227493024,4.196791299426795,41.39107846994706,13.323218928123154,4.92847703947845,4.105530515719205,1.0
56.17652646983368,4.122155919709727,4.18297367479551,5.988278722442335,13.559577734706405,73.66948648319632,5.477446301453133,5.113569821856376,0.0
94.109866251896,4.278712148145648,4.909479711267718,5.159967574856262,37.353832618983574,6.572534219795161,5.161900759776358,5.877059566946261,1.0
94.1701248437159,4.310480491861425,5.431649929364177,4.086347471594023,43.77120467662288,19.644384126244447,4.649023600350684,4.826345034415439,1.0
93.53809694694141,5.7113929362125715,4.146993494660025,4.8029886317225765,43.194956853860525,16.724709975615234,5.795838373915331,5.062588036701864,1.0
99.66184844775763,4.944133890219998,4.843441853746911,4.92107899454828,43.90832148289633,5.172380051835606,4.765597528872775,5.101326758881703,1.0
53.65080957534314,4.737827279139545,5.101714741218279,5.3800097816413315,16.42795070506309,78.31089023454471,5.213463449434872,4.526494693036023,0.0
92.99985321789407,4.410279280964014,4.973337882849406,5.837853067279109,35.397971273356525,13.135474971440104,4.375840761630646,5.3235554649432775,1.0
57.170129091031086,4.422896013993089,5.356032305118127,5.041915954544084,16.098127615481168,77.4516458242043,5.168897819514852,4.9361381084685805,0.0
54.904294853816694,5.335115477042054,4.440972418140351,4.5483213331196115,19.4777969796923,85.31980415826075,5.9540139088778865,4.459653451595237,0.0
58.90048129161137,5.236509543060592,5.3104839612780435,4.3506058847153195,12.998975929945363,87.38402401223586,5.46546694957233,4.49933790548046,0.0
99.41119454157032,4.2973254555062255,5.485413042399962,5.886151675489415,38.60059901930726,22.47068528490429,4.947842440232206,4.322437623950245,1.0
42.25180933058389,5.049022779140509,4.519607162128319,5.611850800235242,18.808951605447525,61.03293925719944,4.320925228542453,4.223185999914495,0.0
99.50101341302663,4.053064407747639,4.335238432576635,4.010459227085826,41.75230837562037,15.858808889786555,4.189835873643339,4.75808097076607,1.0
99.98189403723482,4.796337387181887,4.438427974716088,5.549267561275576,41.46309933657381,19.637454745730018,5.167427175462728,4.656358965595224,1.0
88.37741536323898,5.376804792855472,4.79234538321851,5.45587861394753,41.28734015059993,16.337168665881894,4.70984932175402,4.190721842546007,1.0
50.011586348616625,5.494941876267513,4.816906426141397,5.071655368946162,16.96079861567039,67.49232537688066,4.162298357072478,5.741338068251036,0.0
51.921002315219006,5.661238815575459,4.164762091231685,4.115561121992734,19.672711903702975,73.33720503208285,4.330568980285915,4.679943727586497,0.0
54.34929981223824,5.074213083637096,5.674026656727344,4.606256711890657,14.838602188643115,66.05384844757371,4.496767217486415,4.795731406034855,0.0
41.7557647411632,4.25831883030299,4.6305806756612204,5.05032676733412,13.301559503156044,87.67811271281873,5.03740198876119,4.125129684438903,0.0
56.238924692757664,4.754568326209245,5.184815569319035,5.854001935848591,16.900468884094497,87.97700126117883,4.136917438667156,4.415081872411407,0.0
94.47583627489877,4.892011545915912,5.72666729914365,4.5643741493864,41.8667861172413,7.987632724528641,5.474852171541355,4.3227347167767665,1.0
91.67069165287504,4.850427008938467,5.973260245917694,5.588394662554169,44.57971066482454,9.909089250778608,5.674239255661305,5.980664607587297,1.0
57.723425881119866,5.121875943070773,5.597566471547331,5.768412926696816,11.901287663187057,62.54898869668399,4.5749233297945,5.011017520779728,0.0
50.2741571043061,5.072192732688241,5.083801894756716,4.958363755259462,14.441834068783665,74.20306978125065,5.593362794382744,5.605280624705859,0.0
55.025578487475336,4.241271742201201,5.989815645292871,4.138847685492187,16.276688771588088,69.46599541989407,4.5174232843108815,4.437419600647166,0.0
98.64393086666416,5.161176700556087,4.144396817958352,5.8561672806521,44.285555328941356,17.086088396429577,5.194310611980604,5.86749884600294,1.0
45.76369051919059,4.619055232572656,5.745891671752816,4.051284131612872,16.755867735674386,85.6364217960654,4.500935797584998,5.994475799807205,0.0
51.54234164775813,4.761781713262043,4.594698014745101,5.868872053611028,14.034809690269995,73.06188970199254,4.8655337591985255,4.938214422095157,0.0
50.110415834469805,4.5772611064805115,5.946977938354793,4.051623813898974,16.23210373068007,82.1563816019089,5.882241625067347,5.9229846491482245,0.0
93.17201627914147,5.747780155125031,5.889228438948047,4.656385507218623,44.840894639665144,18.60501376660748,5.186316438078936,4.326038227629772,1.0
53.2462747746144,4.484941007269459,4.990293054027949,4.304832026660835,16.83870124909032,62.39145219561855,5.475834786708051,4.080118238101389,0.0
98.36710137690264,4.691391987007838,4.0195416948383675,5.274402953616561,42.9501153692847,7.149011052578162,5.7651197535446945,5.653102148382929,1.0
89.00191824150747,4.5773874735414,5.998827451541333,5.143744542454373,41.76820043630047,14.677545291285181,4.358712020578482,4.022605073178045,1.0
44.41302119243497,4.874949844047459,4.22094822626279,4.191070627669337,18.19624869547645,70.08970182811001,5.930030738908943,5.334424674388362,0.0
55.16080842022433,5.244173400455747,4.035747869466828,5.725594155086457,13.933206703851887,62.56209090488165,4.5421925075281315,5.978902261930113,0.0
85.45530708299506,4.235502165780282,4.4037069042458965,4.996511364526907,36.466145571598425,9.779953604231027,5.8563641962279025,4.341872804841697,1.0
98.33500916221999,4.273637261837923,4.926988087601145,4.137916032712843,44.79955447358279,20.30297699722528,5.772186870626417,4.789144630637848,1.0
88.36574469699693,4.462149593176143,4.327047745170045,5.377770604100181,42.56646549352399,9.085129358727928,4.736694427588702,5.004854574332753,1.0
99.62356409215353,5.789104453788183,4.083145718100784,5.239178674919682,41.40447273993253,8.49569975766732,5.52460524900192,5.566595965912096,1.0
46.049326349229396,5.612402559586123,4.531200085177412,5.11556683474005,15.964670754135437,82.73329681125475,4.496752520739601,5.591852774287005,0.0
99.64684794153115,4.332566737512159,4.431350304795434,5.272354729416465,41.56562702399653,20.394628365937603,5.394271611783618,4.1012449445381485,1.0
95.52347898404413,4.429880757181514,4.808280643302066,5.036157532477631,36.413835542163405,22.002654693700737,5.399279139244244,5.418877729267949,1.0
47.66794282116518,4.863319092459359,5.237222756430368,4.175285493527677,19.260595598182654,80.29195106730018,4.885091029629491,4.06092737261792,0.0
46.88183235698884,5.01522075736891,4.6917661139059135,4.797326055544627,18.484717744062646,82.9594889857616,5.9056300340050125,5.550488103669899,0.0
95.80685112194135,5.89456667922363,4.157156994310041,5.036816043890408,39.67260996007503,9.228625159978224,4.406945484995192,5.961136454121447,1.0
50.25749484610536,4.69773653308599,5.387364451562977,4.116327591010951,14.826012356615207,71.8126542469622,4.459196321507937,5.980217692173731,0.0
86.304505303839,4.281714040759599,4.4569094826625975,5.1648453164144925,43.26390311600555,21.321135142286472,4.33976201210147,5.647247221497947,1.0
43.783915847807094,5.291834482663202,5.743687055490464,4.793963034148566,17.415661084668294,74.22473837637239,5.649486474694015,5.230258281082399,0.0
43.43658920715317,5.908102054517444,5.078982584750674,5.418092523444866,11.068007040023636,82.86636174942531,4.358729364024421,4.421013879330686,0.0
43.7975065819184,4.767782442746423,4.262489755364776,4.038384553646114,11.193810113381968,83.93414044023217,5.000225504153254,5.327047187826905,0.0
99.85427755877411,5.119280662616436,4.26313537025452,5.874776132994238,43.388393367652704,13.853874039348717,5.272748563066749,4.709795366973108,1.0
95.31653809548602,5.180589885029615,4.411682420073537,4.6112084309804295,36.84101323360957,13.126644619275357,4.822383035989172,4.078538828483305,1.0
53.58133208991275,4.057565352626678,4.803861827218484,4.822056939613409,19.554481914380673,68.30262395853926,4.153958934129933,4.975668637088025,0.0
53.55446482402641,5.187184907108097,5.594852043213856,4.25542696727047,11.471632510949453,79.46048860072094,5.7906921783063385,4.974530708200102,0.0
90.79076403477754,4.233796081416728,5.593074581952353,5.070620262905184,40.187478471147095,9.872295839643886,5.065008132831964,5.791125696263677,1.0
92.47499542441356,4.131417278856705,5.184700657186724,5.456981354323227,39.59303688213074,16.73203474809121,5.31902153728154,5.667288020950345,1.0
47.53352880858925,5.380789657258731,4.30779181267971,5.080023829209021,18.874689402128823,88.98822893244558,5.226583369774758,5.939853050690382,0.0
46.900336798491324,5.876680913642076,5.9017271245008205,4.284498737374392,14.751003406917205,68.99788192419199,5.029866699826519,4.686773404355288,0.0
86.02055971137504,4.490698219362642,4.213186060615982,5.679604571271234,39.52883360415512,13.129254359041445,5.2718806536534215,4.057304855155309,1.0
57.72760723920283,5.964757233817213,5.079970759431711,4.609358278196082,12.570626921892087,84.49965729604871,4.371293409802486,4.562099500333778,0.0
95.30851515191024,5.327342330725296,5.134032521973335,4.04838352778271,36.04660440346481,20.82621428625334,4.038289735993674,5.947600826714299,1.0
94.72446290948203,5.599832170746379,5.313473329082584,4.3201432699091455,36.84248651572674,14.603670305237756,4.067352807748928,5.77236354425869,1.0
44.084842127368574,4.132992534733555,4.864669602085204,4.606550295135191,15.250493402453847,65.04060156578036,4.16710867502138,5.870969027054992,0.0
55.637818259937795,4.985236187985739,4.835161551569857,5.1889526703723465,16.45534356410522,85.12417558856323,4.4052652682706865,4.722807558134373,0.0
45.04629472270306,5.35820463828898,5.316903669316851,5.652135260505057,12.979772354958438,86.97746754867607,5.332926095053671,4.85997042824212,0.0
46.784813223476725,4.078624279682198,5.631666249981236,5.760158175122917,16.254334501665934,89.10223370000121,5.275376493791871,5.142520939874195,0.0
92.26259548245112,4.05077271132069,4.494462148806354,5.465603089532501,35.48766318813141,13.312555640583103,5.629879457081079,4.0838304334325155,1.0
97.39696914238274,4.623444135591097,5.595118201274376,5.688714165479232,44.277457330754075,23.723531283330104,5.015610127917558,5.469851694789789,1.0
85.09275733961346,5.26452857583906,4.061305004411612,4.449231223687704,41.4108610358216,17.600373612376547,5.308265474055747,5.367732903670687,1.0
92.36529644003365,5.527211588319521,4.904398056566871,4.783051396355659,35.56213905459879,10.708081369268449,4.464036360617621,5.342186314171952,1.0
99.31999535318603,5.476067232852741,5.317770940465314,5.571303236160464,44.06985518438243,21.21870385345221,5.297277913537631,4.078783667385639,1.0
41.24862654555561,5.598820797818085,4.448881143673321,5.301754738094388,18.082682112162782,85.95213298126181,4.484044159961755,4.286002245331453,0.0
43.65626777078452,4.728539722096151,5.516476951408182,5.600713015644724,19.380641395681312,62.98484006618894,4.018108323160742,4.5714151353217805,0.0
85.59042819729595,5.011777357768932,5.135081696523116,5.024443841625349,43.6799959189509,24.308972692012425,4.778809877957751,5.189694759003819,1.0
51.90732740313745,4.2688293538779485,4.647220438299082,5.012283725680488,16.737562297840896,81.53028473380499,5.717633542336309,5.69621847003126,0.0
48.81329766848587,4.229673649478407,4.091484067625026,4.735068844583063,17.939351334518513,66.14407227168628,4.708849897586109,4.690167491026467,0.0
42.10802754792925,4.491915456769016,5.664268355915484,4.417021028714672,13.27838198850034,66.27292093768843,5.854221257716855,5.678360789960597,0.0
88.40891580339493,4.9065776694960554,4.421324378011333,5.312323675362143,41.707650254430355,15.360306978170396,4.5438920788368975,5.223662040206443,1.0
42.382813439920966,5.7544010816262166,4.737052687447522,5.773208430480933,11.531445000839561,60.22059133663281,4.468406741852668,4.941920504869467,0.0
46.63233698215668,4.925069432266296,4.1739735198228205,4.401867377318113,16.009454845377192,76.39221222636397,5.34574333719616,4.001306781522599,0.0
89.94068903953114,5.19015586140051,5.615691883882517,4.5185935177315475,36.971829819680664,5.997202927983285,5.921840293857649,4.749443941014753,1.0
91.59344412659348,5.4750024962194965,5.317415551001752,5.597428383309149,44.11818569539447,12.230803755259132,4.28064903638703,5.681817420805814,1.0
97.1744052166728,4.668487781633922,5.635668432350043,4.372202835692555,43.214712527761904,17.903001666018067,4.307382085688409,5.66472707932199,1.0
95.997405672052,4.134152954776855,5.734062992244898,4.57181357847832,37.68143229611921,8.250221305949125,4.429825274072792,4.8353339916339895,1.0
89.56141953956926,5.193685697833779,4.871166629625866,5.683867133583617,44.23731395876776,16.515849422446195,4.80377439978146,4.852242475904461,1.0
57.59504804588687,4.272742951173539,5.536546827729037,5.561051030487723,10.13228812905294,75.07115459916287,5.198089174300764,4.113957453994736,0.0
96.27697245380399,5.389392941708854,4.74650358325868,4.317816335338707,40.69497258518576,15.840305969594521,5.213693911080278,4.422251885116075,1.0
53.49786406108309,5.567306025482286,4.46721550209982,4.336028415489727,12.889685249210585,82.21990743199878,5.220014834158971,5.076045410727806,0.0
43.61570301124759,5.729444752510107,5.6578309483013545,5.0783225533505085,12.33567361068611,63.63908994016602,5.26456430727528,4.879480973015817,0.0
44.64449381802686,4.34463974240326,4.372876524288509,4.158838737977973,11.411990635371849,67.87225129467906,4.203786201745873,5.105324535553496,0.0
53.37753062081371,5.040615401807587,5.74019774780186,4.086825065709638,11.224978619659892,70.03327581354313,4.795224757105741,4.604839022557073,0.0
49.924784438016275,5.369462345107759,5.613122295722899,4.760391237571714,18.61445686021324,86.08949054436513,5.143491966287497,5.794731731581864,0.0
99.810527084683,4.990982632412397,4.732923069742796,4.161203027514249,41.82671152462759,5.28029035052114,5.18568036101622,5.860796840338651,1.0
46.24128089304041,5.790413675374399,4.991751470157542,4.695143048477965,14.690407475181539,75.4422658127034,5.6459676100835345,4.304097134848984,0.0
85.14741328854682,4.06236627012257,4.654066323126477,4.597451147177546,36.30320433172336,10.783006689083019,5.676309949977285,4.542984005085422,1.0
89.18512435521694,4.009264046009205,4.319089360226377,4.242772836318813,35.65276757566464,13.917732397196156,4.132926651552545,4.725119593118189,1.0
85.32770067979303,5.222908470869296,5.378929938274531,5.360455558416707,43.281858693234526,23.31628696381488,5.083521928535126,5.477733354266065,1.0
99.50452771927473,4.476365562093453,4.261747321436699,4.493357729043246,43.40348177588508,23.335120062374934,5.114674339146016,5.2708287137238194,1.0
91.42527700853269,5.393301647753784,5.272860499087273,4.142513455530517,37.574792164924695,24.28706468071973,4.7509378569330005,4.345047753892724,1.0
88.71447464607158,5.166083121939384,5.472804030131281,4.070622709880478,38.52481046943351,12.516424380158819,4.653278498851822,4.502338535096802,1.0
92.5888870021959,4.711345432929898,4.096424077721112,5.175538721724396,38.01586869873552,22.95064653044168,5.410278291141127,5.574743916298546,1.0
52.97494227790036,5.363005444447858,5.994249000315422,5.300402184796306,17.493694366449567,65.4197262393391,5.221093510030849,5.926720640892076,0.0
85.4065997850435,5.844998762354591,5.412951452973802,4.024216950469775,36.35661467160378,8.27457915758342,5.607629090386894,5.135948594632161,1.0
58.26082933779712,4.546814143861413,5.689098797070141,4.614579929852573,13.078191500261191,61.58480059094166,5.283468794597116,5.518585013836947,0.0
50.3615499608069,5.21234926890176,5.581446329677927,4.213753846189488,19.53402879382095,77.75150906677202,5.941353090819488,5.618047280583353,0.0
85.77486035671961,4.818823304382481,4.11417371217863,4.7366190610136965,40.787564763599995,13.378472495858373,4.720853654282973,5.956709574113713,1.0
87.0917535430774,5.444533863711318,4.472100926692928,4.198356199174432,40.727702766869456,19.37398531945592,4.646054691508188,5.504795764607576,1.0
49.21796676413164,5.211549638713774,4.670237708518284,5.838783946428835,15.345592191563087,69.78510762384761,4.602092155668626,4.100486019645964,0.0
93.56280904418142,4.724787798233266,5.360456484862583,4.676535011988997,39.69024939717883,13.218851047002198,5.517430642327842,4.237287531483161,1.0
94.08845222769224,5.130266367178418,4.2091356806688,4.144168671997347,35.49308987109825,24.548763684080246,4.148210845149734,4.206530017750097,1.0
52.0862596448064,5.97303049758596,4.25773973494689,5.0313588553929955,15.53993255503131,61.21001556415356,4.043826657550018,5.002551289251459,0.0
45.132944143721915,4.943152377100317,4.327247642383338,5.56152317213688,12.919111734978072,69.78661520942795,4.358506511478561,5.412492325110525,0.0
98.39956740682184,5.213430092765712,5.082592670602141,4.593071162575311,41.10376059781692,21.31911578830413,4.642324305271907,5.967134413027326,1.0
88.86447998145293,5.9937485036918945,4.742077525969205,4.394940979719875,41.825117301162,19.72070800852131,4.40450836104907,5.1243776221290505,1.0
53.80645693801458,4.969045970382043,5.619032149449756,5.915250569010761,12.374833051693841,74.56902895240022,4.917881033193641,5.74814354661037,0.0
93.06310215460519,4.829248247454047,4.850986668896151,4.48138542366501,39.778673549131355,9.729498244773891,5.432794223916198,5.312819207001314,1.0
90.50018319554472,5.037835410565675,5.3790535020631225,5.285130399070383,43.958157315601945,11.178354456875322,5.000718892431121,5.852927595912369,1.0
90.30209788091081,4.588931519083835,4.078687081337019,5.772391560930149,42.03277227732452,24.691517927522263,4.625555978420708,5.456741708679292,1.0
46.251960498166,5.899041247315284,4.855546267471725,4.191429111040323,11.598797633664415,75.54031294128293,5.732191267223383,4.742934525248754,0.0
45.66568806985155,5.343401368811714,5.251782752874018,4.513125567402728,12.976502775682803,80.00056955677539,4.807202004723182,4.685290293045043,0.0
92.11652371220761,4.721947793880053,5.206897186762756,5.502750172058091,36.63616204138276,6.444263706703759,5.318090820264465,4.985070761428578,1.0
44.62161705748993,4.701175117613194,4.84271400455414,5.6452286370273566,17.69442579421557,82.11397241869918,5.297009640237376,4.916862848262876,0.0
47.496498486999954,4.878269817140437,5.9363868558294435,4.735518701754579,17.31250589347375,61.15202631979034,5.232600971851448,5.507736165419826,0.0
85.81915454820204,5.487892585145354,4.910440298163603,4.976482274043557,42.076205857405355,8.495625697498676,4.0362480820914595,4.575890685351985,1.0
53.26292497950418,4.673208556387841,4.0442471030579945,4.623632266170519,14.018762712367394,79.28332240439784,4.387726135873786,4.635099400515177,0.0
55.701278420928624,4.6447076899494455,5.366590753213011,5.281652629380412,13.569824294686638,84.05520505358417,5.717528558698945,5.478133951878745,0.0
40.2772427182572,4.227115184399258,4.465918949507268,5.611985099550316,11.642868432724093,74.69357603964723,4.845457273787865,4.16547367123638,0.0
56.777077238081375,4.321362746519111,5.014935467521672,5.8611904292878325,13.72082254962896,63.910593901297965,4.21078643621561,4.32135916942369,0.0
93.74658635919847,4.79436705923691,5.039547897112035,4.408071269257798,38.49614398807722,8.84631545568701,4.650581236723496,4.856915807697591,1.0
55.66774439991677,4.557180678063917,5.938205260281623,4.646743124231041,13.81616499109135,77.32839241911401,5.4967686993524625,5.141754833678952,0.0
99.17061072508723,4.837850899009096,5.300651372693874,5.3129572146630055,35.55101535158831,16.90829603240217,5.499955596904142,4.606571781698566,1.0
89.11998804681858,5.180461333738174,4.146391847536887,4.270708164555371,44.91624342961228,14.979358884415861,5.765829633037445,4.102587697962431,1.0
88.20314281735511,4.3507425572469,5.7378099689574364,5.196450588127478,40.64594081290321,20.801664999428755,5.355063227767369,5.949381192097103,1.0
90.39513341834602,4.952100804398199,5.564770968116547,4.052393417064129,36.4386796634333,21.510696830408314,4.339456857153847,4.79536882886611,1.0
46.067710872582666,5.960065150570954,4.178822004624519,4.781811991811029,17.394692332387272,63.184810606424016,5.765987649659547,5.676460842163602,0.0
54.99719862576538,4.829639004675331,5.724085301978627,4.569745803923846,10.005979388347953,67.76712824379419,5.888897165388607,5.946153595824597,0.0
99.57767951988227,4.067064869471559,4.023241079816201,4.3000973293879685,36.062138275884564,22.49487299313132,5.585516227145625,4.985639169065649,1.0
42.614346471795145,4.257759443821298,4.334067892184151,4.808637536208584,14.13516530289959,61.85839555736964,4.030789783382617,5.524893917349737,0.0
44.97079641854852,5.747157248213554,5.185879869683406,4.666003826116396,13.137031247571562,68.55617408041242,4.398540672933602,4.734781457394141,0.0
57.18223515293833,4.696510934046601,4.574477983308164,4.903535357474459,11.992196858370765,60.360090818180474,5.352052576105095,5.724405947316377,0.0
98.43333611310828,5.78534342215395,4.949261751499628,4.404961120330475,36.29857013417881,17.459080883667635,5.613330106053633,4.968041145018808,1.0
54.40767997172891,5.141556609337824,4.058494566069118,4.894405081009671,15.466772648973118,66.77368656451887,4.5847662208243865,5.821211434428843,0.0
56.40506637889779,4.509281309527528,4.547253332563332,5.239175909795659,11.864198048539746,86.0860101544494,4.8784212024994345,4.563232084211263,0.0
89.1021177306247,4.5361272816457525,4.223839238795456,5.753301523656401,36.05650345448931,23.531707664367623,4.260161339657894,4.543997210688712,1.0
89.34591975607322,5.201033720867307,4.994349528016855,4.1772008593592345,37.94817238346767,7.932166007200063,4.909528685105322,4.0474155072890365,1.0
46.25839096057645,4.644158331166357,4.695618415804386,5.6840665887528425,10.557408535874417,63.783459671262314,5.841533216926715,5.8168691037587505,0.0
43.365571770154254,4.2551606055911275,5.505433279115282,5.873915646062126,11.61694553273987,69.02898958894865,5.298644649153763,4.408896744928546,0.0
88.91273868943134,4.039421075508728,5.938824644670575,5.272582707958496,36.86590096873167,12.174850210857773,4.062298185586782,5.916236017838868,1.0
42.7460006543114,4.214344022679552,5.366517527319192,5.854355638958905,11.09863113740783,88.91055566061146,4.400564035735252,4.187553052514033,0.0
93.24575882744966,5.066922183952643,4.983189093482874,4.975708087852725,38.228097934478505,13.602854641936526,4.412504227672305,4.684215241727188,1.0
99.93132269388184,5.499920940798356,5.157350817144787,5.631893877937235,38.15668481164066,24.194914429239386,4.849701685736174,4.232716970328992,1.0
96.91021675398945,4.312305194732381,5.741499802545023,5.084474410983697,43.437287927102574,10.166008582551845,5.5560504862893065,4.838365751804242,1.0
99.38307809785616,4.798005407740261,5.463179043510664,5.538446295676267,42.25326390735878,16.615371672288433,4.0106269513366914,5.647104453223638,1.0
45.1238302887871,4.784488090199464,4.477554291536604,5.335099798582941,19.09202136206487,74.24307018130953,4.0302213684289505,5.148575150180422,0.0
48.44384467761356,5.979920464779891,5.540814835615587,4.211329368523488,17.489631508603985,71.31605347372916,5.675816749703607,5.769710235392009,0.0
93.03313709646697,5.472888471249446,5.741938247492171,5.549307062362364,42.10351500712332,6.7679393429351675,4.701041068572324,5.939447265595954,1.0
45.712519771244864,4.325233878689783,5.317566733421435,4.797645561793801,18.660356750457566,62.64403292930074,5.665660753576542,5.245261067197316,0.0
89.31266799075638,4.419811186191172,4.877230838379181,5.722739992726872,36.25251231096208,22.031628000344746,5.815677027767068,5.225591671073021,1.0
48.54933056333378,5.793576819812023,4.461339623435517,5.448677634257482,11.790949393281815,61.35454093236876,4.377081211498503,4.97924892410049,0.0
44.27989357396627,4.457285611006926,4.63750500586414,5.1346244392578075,10.602269449002975,65.76070107409033,4.226607009454929,4.293843847167541,0.0
96.72669738893089,4.817468342196193,4.98455571289607,5.6814060560224,42.600349018031736,21.598791864248867,5.323937889587738,5.654604299474492,1.0
40.71180461612953,5.495218760352502,5.541843689288104,5.538609787282679,13.416411126906018,75.05836215395524,5.081810007676162,5.514096229397251,0.0
93.94213974324845,4.343358571696607,4.279302509512625,5.352935874452724,36.44240021118104,12.78779559333747,5.414794000065855,4.614432834042542,1.0
88.88188612546786,4.449209645879964,5.110727101875263,5.959940658717701,35.39947973286095,24.924489860892773,5.240947570103941,4.7619825473368,1.0
86.36988601500336,4.356071933739503,5.736545010816761,4.878809979388905,35.660553078221604,6.871188138246711,5.264782648656775,4.951192383644017,1.0
95.39363366537151,5.190770034640088,4.080218382824965,5.2916216253104125,42.15322310529136,15.120893848236731,4.483001255985667,4.136900905132034,1.0
51.69655622611582,5.899599826583848,4.499336017718372,5.215810185586889,14.607336002416739,65.45452958512016,5.348039838117585,5.694775861142747,0.0
98.16624107293937,5.577194422449061,5.163942803828798,5.095918977947386,39.63985417440381,11.207417782162402,5.791349555237558,5.6618983421101365,1.0
85.91358314852774,5.465144194420501,5.757031122602696,4.546141619945625,42.95578376257586,21.1023841750933,5.219394850305232,4.550478362074017,1.0
58.91499404451861,4.040142395555453,5.649361931850298,5.079914260561119,13.161013115469705,77.2699575899226,4.742225876860256,4.476293307331392,0.0
99.49933331344161,5.634887123476882,5.688340897938394,5.916146960238761,41.761957463565395,13.93748390400878,5.716046542014459,5.02819088510252,1.0
87.98640129903889,4.021991657316961,4.354299578894771,5.034538112883219,38.094625764461824,11.83140774063136,5.299017859414895,4.033184961265196,1.0
57.46086294030407,5.578342477214677,5.701163458188484,5.564056175340772,10.897595005601572,78.70515933742011,5.574774053504665,5.193821381093312,0.0
91.07452881064283,4.666998343382288,5.743567133184404,5.230025936077733,43.21839322752903,19.171670915356504,5.5330300990651695,5.611429051336436,1.0
93.52402924403152,4.544290274459925,4.454539254526303,5.220450298955282,43.32391041701908,14.191259550110438,5.761946011279315,5.5049366751729885,1.0
48.379395475590485,5.520455719779373,4.852362604471946,4.304049706257296,15.456959688130258,88.43058531192838,4.3207308122394865,4.020568991871384,0.0
91.79237207926491,5.037676114252144,5.28715539039305,5.935720069690061,35.24644404636323,6.132511147551161,5.323368576799713,5.155263508688845,1.0
47.25965680807743,4.346747190589509,5.233853836751484,4.76124658695316,19.520624466390025,72.76516977815528,5.310347429048676,4.474957113504515,0.0
91.47710642661666,5.287999086478031,5.708770186739159,5.011705385903658,43.20507504232109,17.56060929139074,4.5292700538507145,4.313625410633612,1.0
99.82186113931954,5.3878968889342005,5.236311468636238,4.07685269792465,40.45427950211713,18.045622256368926,4.90258822605851,4.799037569173869,1.0
55.20011089924197,5.72472741749349,5.975444779472063,4.433479600181551,15.445553246546755,89.17384170083707,5.195336565405406,5.779038622087526,0.0
44.19380554860402,5.853175250322989,5.35929456538614,5.2839430008865325,11.675665393045065,67.09829348122523,4.2118116088075155,4.978785074813177,0.0
92.89141019877313,4.759384816334534,5.736542561026518,4.29777610066489,41.28347117549444,8.291321168586698,4.0807016537194,4.650422392552422,1.0
89.54829675766376,4.352773973012447,5.992667832113484,5.496146358859065,42.01499101465166,13.641345701332355,4.389950399800578,4.769222151957536,1.0
97.95147366684077,4.486344381998908,4.9075790827672785,5.983619902698727,35.490046449712736,14.022601395956828,5.333694782611316,4.8064212663676456,1.0
57.50977300791793,4.5537552962944075,5.754921725260761,5.323678379698757,11.485067816436809,74.46052019330797,4.027491108022691,5.690241702992069,0.0
55.973115607132726,5.544636783471279,4.0425388217007745,5.266302751188045,16.349066591531628,75.5793807792691,4.528552526317279,5.126816728967708,0.0
96.70072130560065,4.7945745811207345,4.079237650696714,5.910669373007856,39.58363479426306,19.387763111496405,5.071313198695157,5.466000214445247,1.0
54.84584462973894,4.403254640095489,5.967955295919657,5.627940539012037,10.009434152676311,64.55228738859157,4.210690968962666,4.325581978412458,0.0
55.036502919133625,4.538486461898762,4.961173154653296,5.984967004316751,10.253486042639384,80.4934285716914,5.04289804833376,4.5829218269875875,0.0
59.04773504797449,4.894824733646909,4.152261718980601,4.469284163710907,18.836839676879897,71.30958501860525,5.233567215705082,4.972260970429848,0.0
42.93390228030363,4.740944205582764,5.724255234530901,5.12459363175582,11.966881973128231,61.68672884552917,4.125052591485692,4.436415069104345,0.0
50.410876746097166,4.48481946483016,5.241831035534954,4.292747984324498,13.632553516758103,87.88210451547462,4.653485084060081,4.468851200023029,0.0
86.32867509454967,5.6698604735985985,5.031192057158501,5.122969175919048,39.94370811045758,11.618295315603904,5.981358314131532,4.362366558100166,1.0
58.634808066330166,5.510274511347238,4.959751240607818,5.67972260573344,12.469611669918926,76.74513551671322,4.151167227708134,4.1645446485541235,0.0
89.73449823050728,5.896906613924314,4.244219828020054,5.186088668373568,43.34458252856096,18.32814609389838,5.30868401098544,4.69161219682085,1.0
54.187776436487724,4.305718278368664,5.635934048238124,5.702849915490192,19.16489151115514,89.5396343277252,4.98219145876633,4.876357226496689,0.0
91.90493575964148,4.548110441374412,5.939824092214541,4.117101858487958,37.32879146151815,13.222545565187584,4.683810556210981,5.514565956551001,1.0
59.886606053714296,5.0054407801849585,5.689566456233775,4.022062528857294,16.48464556900237,87.29790474479155,5.392859614072215,4.111211043360921,0.0
87.89014594730051,4.2212634739104145,5.389963772253085,4.918893536811973,43.343247957493986,17.663573497915444,4.50654476704543,5.09339136414426,1.0
98.01969440096354,5.660439729133984,4.339515810175081,5.600141937398319,38.26738890568634,14.847340974024979,5.776236377868072,5.354876142456589,1.0
50.21140817457007,4.504873888688041,4.519507567520653,4.90074187251637,18.239976518799782,85.5614524741408,5.6769836676860495,5.254657870181356,0.0
56.92248421060463,4.412667436811585,4.792484037805318,4.13522512718443,11.460210192969626,71.00394961938805,5.4468956357000025,5.651421903121334,0.0
42.18027231281857,4.163518063897744,5.073948845786827,4.648667506230751,13.347890418906792,81.0259709173164,4.182782972663553,5.5954645266964285,0.0
99.7501115262134,4.537354718769892,4.009879961868819,5.176404533896781,40.79792843832955,20.53642734480562,5.12679070142528,5.207057613002242,1.0
56.591254313661,4.2035649452408075,4.321519792096616,5.984316029646625,11.662293620516587,64.43875002328218,4.112352154694878,5.102319923832744,0.0
91.08467889170856,4.381375441327333,5.746846476163321,4.504482040346723,40.97682335523459,20.247224274143456,4.153943338761748,4.1536060966288435,1.0
86.08998381371735,4.412842543521206,5.736284508755011,5.577229929344813,42.54827458362331,24.31219662761768,5.9622358157358715,4.200491127445753,1.0
47.871106722126314,4.151726656217328,5.226822778421416,5.390289108095187,13.773631767966508,83.06241394087539,4.8163033817333964,4.907979822399398,0.0
45.38323141983258,4.081737232532958,4.70025051833346,5.788381749328236,11.08682539374692,61.197675976912535,4.867165585265228,5.323334519258378,0.0
99.75567374813727,5.1667835895322405,4.175732998289667,5.273339364334415,36.45515482787359,10.392600175343656,4.7756521798338625,5.1537147622654,1.0
89.36315281347373,5.524917371481381,4.784987112813369,5.474714154775599,43.07957328109019,10.056748013805786,4.948510041953908,5.192163910476612,1.0
48.610716418260736,4.717660968247005,5.30333365075177,4.261420753480399,15.506604592365642,75.13911863932304,4.782065738254797,4.493317231610813,0.0
43.07567411026432,5.103813677548971,5.878135397025792,5.63837771885358,19.094295036858767,65.57330864096123,4.537067512135215,5.16139816910857,0.0
59.31277950533601,4.480291237556386,4.9348030224997395,4.272879505113466,10.874465017998855,75.14734353750418,5.3602237708939455,4.656466211356679,0.0
91.74915511403289,5.004390020662485,5.975299127472116,5.773849800418539,41.62232158329593,11.400322261747835,4.627653616448831,5.429506552887892,1.0
93.69744364071587,4.670394483291802,4.120704167981128,4.763879279305792,44.744393106384756,14.934868560119689,5.545619146580675,4.954700796244802,1.0
90.13104151986333,5.317847883820303,5.029634707859381,5.01672109383256,38.42395123295859,18.3853658350167,4.375444811384504,5.758660431356948,1.0
93.1568060558762,5.04878053865516,5.245933167126966,4.354857538939414,43.21259420372846,5.149262808344388,5.3847178449221165,4.74691589026541,1.0
92.27845683648034,5.085448886695192,5.4049299410882075,5.803523984270847,36.33416335523207,13.103942851506593,4.366884392806869,4.653589411715554,1.0
48.52999494483722,5.699294781354823,4.6797499275361325,4.362298699069361,18.759049249998945,78.515826813509,4.864037855189012,4.512926122033532,0.0
46.33885243534563,5.841744801063626,5.160172415675622,5.33897391039638,16.35645321952613,78.92311260517862,5.754940093308964,4.174034436605577,0.0
92.56754386082254,5.343785487197457,4.782163073303521,5.746645831721615,40.82435076888296,17.53605260129688,4.864692452806695,5.462972719406231,1.0
42.78508141569408,5.1432253789398,5.375771444601627,5.845514381026788,19.095484730121385,80.2985170065752,4.71377195034222,5.858289434423375,0.0
56.203221799194054,5.676657409422276,5.888532978226868,4.9717435183726515,13.373306088457655,87.9049560858765,4.1131713122934315,4.334982178188215,0.0
47.38272387618409,4.647358472808487,4.134701202937544,4.3496772545208255,13.418490419172581,69.96517566185197,4.615591663361491,5.6537171219455065,0.0
59.12583763026723,5.006834541709714,5.392041236107584,4.467424163820866,19.176472779044335,82.99787834136154,5.178907978969394,5.854247563728899,0.0
51.93890446826345,5.684237846271417,5.9421164903307355,4.202841656898433,18.188692705204716,81.57735601727495,4.664912314297424,4.201956213635523,0.0
88.26179398325854,4.7662770564989945,5.861897391013955,5.866226662687115,37.656855648662635,17.450939809245632,4.3347140644735624,5.736819047893868,1.0
41.352094989447664,5.629149440462764,4.459909211782172,5.247791672583277,12.423536951367623,72.58004041257865,5.215505366191305,5.936152762901467,0.0
87.55693767372463,5.892230924267265,4.475086649847755,5.451959819970591,36.92493150635827,16.768624809069046,5.389281917787455,4.140216279282514,1.0
48.373902866553685,5.482241298580118,5.887231840335198,4.202091622021293,17.072789119056672,70.64391868969166,4.038257932874574,4.3714661440103715,0.0
57.939905787288225,4.9215575360654515,4.347790498438974,5.038119581816541,11.920160847400368,63.198708568097935,4.868806638013219,4.365675559737634,0.0
91.9053305970224,4.363195433602852,4.6529226164879836,5.318707844411565,36.633544497431565,5.338255998432146,4.93261951228034,5.601961400806729,1.0
92.63438560633071,5.739792724124257,4.9046365690366,4.1643433349528545,44.306722555623985,6.40137391442379,4.4353347991610725,4.505716236500223,1.0
45.37595230060396,5.625802018260155,4.074015269430985,4.622615398312007,10.681866197654626,69.08325384815902,4.397984277918874,4.556736963325314,0.0
55.29301900769747,4.418698646673421,5.911302996459507,4.12028468520157,11.322687150984818,87.7392537338591,4.495119540559773,4.441008526871294,0.0
97.94439434969527,4.278544145326775,5.3711305744579425,5.951747509820107,38.10235283744705,23.20392248289393,4.674413151131504,4.5432663625487395,1.0
85.1576983681248,4.305078085828523,5.872424492487379,5.475016718918014,38.850580557189616,7.003099950135338,5.994364707805901,5.876631457302632,1.0
42.76743189441113,4.308725430548405,5.49930366348585,5.926230223178347,18.05097312041135,71.61669423630622,4.20513592516718,5.866410175518612,0.0
44.97583577478354,4.515805654089879,4.683744332077373,5.95122040171983,13.421326001118949,84.88697494285105,4.578374892591899,4.250972593598301,0.0
57.144618747395825,4.369042038712754,5.777496159737955,4.930411224567436,13.821234944599732,69.5411883508356,4.541612656073945,5.345529228824933,0.0
48.59346726710296,4.93738631958994,4.948428433314928,4.513553135441016,18.27523693953817,75.82763919816497,4.747842094025627,4.294551127104182,0.0
50.24785641464213,4.784890214845271,5.728716499679274,4.899569297642645,17.281164373361662,80.75160342404067,4.439107846459604,5.323827265274023,0.0
40.00454076436511,5.683657553516544,5.277051895328171,4.124583596260125,14.467264687026406,61.721755310648206,5.781711069966294,5.857261124230789,0.0
96.75252253881864,5.414477268626797,4.063172289651284,5.91300279659896,37.60048040252434,10.988462496062132,4.866944465511269,4.592715227026577,1.0
50.15515676377137,5.162476442845224,5.937755710571383,4.270332578309645,17.41627287451889,61.91383668760793,5.752638866284623,5.335735813401627,0.0
95.77021267190503,5.336170273141292,4.674006352862572,5.110169898604573,40.963464974967756,14.27872526909782,5.801921791380936,5.462992928086278,1.0
86.03130859633731,5.240145511857027,4.401049453400674,5.919153288642066,40.04132841918438,17.61270589966161,5.384147294048738,4.369264914694739,1.0
49.170371243740306,5.75330720531669,5.995868221066675,4.456159543897865,18.212501545597043,73.08738079071472,5.313512126949114,4.2881575720264,0.0
58.185053888739844,4.354020968553494,5.767571769926851,4.453312804453976,17.752345388990562,77.12721161256434,5.829097327697118,4.370540710766647,0.0
91.25746418463554,5.787785166101916,4.128417874150268,4.219472397355007,37.58107643173415,13.755301099762569,4.783718746376052,4.859915239559643,1.0
89.18041473892788,5.182550871489859,5.052805321872226,4.59088955495484,41.96688987873197,7.4075629901106765,4.967978736359495,4.718417493965381,1.0
44.13635786266792,5.28174948960643,5.299293297984737,5.982511987404377,19.536326078296895,61.58231856486652,5.915162030167634,4.350983254762715,0.0
86.88465238618471,5.194826204340616,5.366496056579292,4.868038732347751,37.92248956739388,21.508797914972575,4.106695993977795,4.467625666186128,1.0
57.94771434927429,5.179835373709266,5.475164603177783,4.847476507297525,19.347955174927833,61.101388304492,4.534804055715083,5.450012152598237,0.0
87.88386877702138,5.736935951795825,4.632312209953501,5.3912362929936135,43.50852757322095,7.18964732137988,5.528706772872855,5.893512489384482,1.0
87.68745877435227,4.5035981178139055,5.119297366973829,4.922954929249468,41.91643401973318,16.920871909552943,5.709948039122949,4.021622167270393,1.0
57.22836092191035,5.0642269705306315,4.440366403899622,5.590899921579458,11.801586477326193,60.480844693653694,5.088507932227396,4.702438774697562,0.0
92.01580923956726,5.864236564967225,4.33496516451814,5.432646776125365,36.12397027176013,7.714917061998021,5.296636014904191,5.064583751902909,1.0
85.75263025479961,4.80170283352728,4.701253862418362,5.227867169520124,43.771275618985015,21.393540055609183,5.607075318925206,4.927963396333775,1.0
89.46789097585317,4.254977324663965,5.5597019777867,5.784169377880469,41.46407375228089,10.143047022181918,5.446887324709824,4.687915373115371,1.0
56.87758822461858,5.590534623719781,4.54843040469734,5.993393707705954,12.059800358769618,86.53030283913863,4.7085426544344315,4.184721056222757,0.0
94.3035227344168,5.80003728369621,5.67623057929622,4.294905053412568,39.054716763304185,5.141836255487419,5.4302003225674,5.204898883933176,1.0
57.233297693982024,5.18826143070427,5.39484053449368,4.1205347805791215,10.069822618803482,80.00782342376041,4.571516649185412,4.458731554075345,0.0
54.374362265244045,4.925359571339213,5.737246335911221,5.655075791133749,19.75410367684745,89.37095522375003,4.831550207046644,5.808719549987714,0.0
94.14522862413666,4.492804066478214,4.777116202540691,4.873701405230359,35.39006420762818,18.318943321609282,4.063487530745977,4.6749085579284575,1.0
49.43298981501191,4.836486072581238,5.975336015993294,5.436246152452989,19.868959453882976,81.19812386982653,4.575265458087356,4.13403307550242,0.0
95.21923165798651,5.2669564396522945,5.278239875631001,5.284651051810455,42.12220205177159,17.28998920510385,5.728866493736728,5.376091114148258,1.0
88.62401914653644,5.083268429321734,5.903623570846478,4.961945779772248,36.66503547049515,18.468394578228654,5.249228096229063,5.319011963302654,1.0
86.93606870396322,5.692904583469036,5.720244794378409,5.570033087674114,40.77353401219668,19.421093217957438,4.019957553316899,5.804826066572207,1.0
54.6921660142107,5.821854368987685,5.384553129035705,5.160344738454665,10.099106954911537,83.30395311625892,5.812174120962521,5.946765238329642,0.0
52.91205154116823,4.5164887765979165,5.899922367900451,5.09339482542814,15.03345130606154,72.87448475874966,5.889472517566159,4.985138141506595,0.0
96.58228041423757,5.723571242027035,4.359366217740484,4.263457546909124,40.50570634541364,21.26284008963451,4.3818531701432875,5.316319648595147,1.0
41.09465413849972,4.3624661323313205,4.302115783561801,4.242769878844857,18.979552161850194,74.2292599460529,4.322725602110768,5.669143580511255,0.0
95.45749381435526,5.255416106142835,4.234616377924789,4.024241549287787,37.32858556876094,7.140582684220762,5.211275778646823,4.627756153030054,1.0
59.91468904102646,5.930053821333026,5.360998604149426,5.390070457717107,17.15125019816888,82.27109811269345,4.00398427043814,4.157878805893111,0.0
85.21294951707586,4.170699336157288,4.691869985093926,4.243002752601836,38.55283974236923,9.230134985635361,4.541885396632731,5.942301814736572,1.0
43.48818534222999,5.22683039187158,4.4424188836392045,5.625971477432187,14.832320758754351,64.96499323990967,5.097717330154712,4.670558100156591,0.0
97.16025355506387,4.026188913176667,4.515365777022428,4.744334047675027,38.11652916654649,13.347658836009465,5.77825584788002,5.063144305373463,1.0
87.42171529049382,5.92214063493891,5.4543381395326165,5.225879164989051,44.725682356497366,5.333431011992662,4.312953432007201,4.815496210005465,1.0
41.467281349192056,4.103647073644854,4.049173832917603,4.864995756660264,10.512634591759982,89.48840638664103,5.00626494510308,5.356999936585275,0.0
96.49368209140569,4.992732494402473,5.595627297717269,5.7454605009692035,36.668485782055775,15.751622761030287,4.9769912653198105,4.1011462076484575,1.0
57.59829253454029,5.221240084883265,5.7430736123047526,4.136344618770988,19.40992322574437,83.93994105657671,5.011268306843918,4.060207744422637,0.0
55.317172877694844,4.657503220575016,5.758236615124329,4.993533717718339,11.557732605801702,67.19459856619771,5.1751717422188035,5.719589349623291,0.0
46.12830898702073,5.110863411205255,4.241133771554558,4.545248001467067,12.913610728377446,78.01749590961408,4.202745795106319,4.598766747410696,0.0
43.97263227723738,4.337870126144329,4.115685353126793,4.383734649437486,19.81257577391277,73.47235542404627,4.185250966102735,4.2824470867462985,0.0
57.17396242489148,5.4965193807673165,4.259029842565608,5.461301020478492,18.143839206690814,68.45755066791754,4.428812965986329,4.3502462802607065,0.0
93.67812727305298,5.839711232825521,4.673791583542213,5.060604266498316,36.28349926614695,12.224321179516235,5.503493984791681,4.169376683750613,1.0
48.705245593131075,4.248594446971089,5.309022428562271,5.967357850526827,19.571348325397963,66.84993757105832,5.437479235707061,4.885596273087475,0.0
43.92588604622134,5.974552258629889,5.830976595176084,4.4869645931525985,17.06371996809996,76.79233984001024,4.136706400619917,4.142069778088004,0.0
50.427540429474824,4.752926733756099,4.361150690254667,5.294949428309206,18.575306077519237,61.24491976529719,5.465398101180561,4.170206972239571,0.0
50.88514674030502,5.538985866383873,4.601927133893632,5.212505875501955,17.621745871816447,88.14543517574168,5.6571111958121625,4.132330377668881,0.0
44.78132768150059,4.79308556464254,4.084186379272724,5.473747489888364,13.77053931001699,74.55053962572124,4.625814788427297,5.6802161568784,0.0
57.931493169380204,5.621106661563665,5.135890461105259,5.796061097899974,10.973668937912212,69.66202605587189,4.809054771147739,4.7711951850266665,0.0
42.40727152419972,4.328531595861985,5.788198407358269,4.612507241573224,19.772838231769292,79.94217614732538,5.0384491415604105,4.300944542011995,0.0
89.64204323632902,4.974862396499027,5.014469617376784,4.006436527208558,37.861350424583144,24.31673337615167,5.247486169728019,4.800424551699344,1.0
46.9766381491726,5.633198878943154,4.946419813383114,4.38924502364153,16.002514100995832,79.84028036834174,5.91972560542691,5.502354273908086,0.0
93.6481748492671,4.044938616640235,5.930237392872091,4.185981279646264,35.33423572435504,19.351227652970714,5.239052400072607,4.051539197528703,1.0
90.2173352114957,4.2737712601376145,5.385251904452329,4.880397995910981,39.479716563821896,11.770137588509456,5.608828119354946,5.323437365287913,1.0
91.69489539979841,4.213196506267543,5.088978195921699,4.916373773475785,41.55820767327393,24.207335492442606,4.554025048651957,4.448637117707053,1.0
45.41118512975983,5.63414414189856,5.9259840077179895,4.692199453075571,14.237701199309234,71.63918263193659,4.220863726822206,5.501539298422111,0.0
92.07439547792893,5.594590731559107,4.961013894515657,5.57380677251059,40.287073198840524,5.562430125558475,5.672235406414497,5.317322709879534,1.0
50.97819263280144,4.72616459279727,5.761741518397857,4.611048621316047,12.057943769894218,82.69353263966735,4.128012693217242,5.02116151491912,0.0
88.4122240554031,4.299834854697547,4.20986035683635,4.630813791496026,35.34376858351725,12.506426915460276,5.642776725801388,5.863109828618962,1.0
50.089118833387104,4.36376016879829,5.2154735897577185,4.2567885789082505,13.523270542525392,85.02492324625324,4.798070635284869,5.135454635862109,0.0
91.86850442690607,5.79267163704224,4.49742854517526,4.376049469230832,42.35228518101596,11.70813626992694,5.689742695510458,5.665859431148456,1.0
47.86243596414158,5.11352578602786,5.874456974472903,5.724028964545245,13.516498723419055,88.24003178360705,5.071107629759345,5.131563109681993,0.0
53.26054407446295,4.268030456901282,5.534376577862254,5.221961977701984,10.778565196087696,73.13150474800624,5.207274401118751,4.547280835721543,0.0
99.09886559328564,5.440073073092149,4.284991085803027,4.509341244092102,39.35014594340223,21.460071488938695,4.667256791673731,5.314060996468214,1.0
88.65992953528708,4.415772510292054,4.3340838158018995,5.108453028264034,42.41684128991823,17.630887573523207,4.134511827934736,4.862603412682029,1.0
87.49277499414623,4.458502790465283,4.484090031725055,5.376269412173084,41.389630219732844,17.535066970846625,5.686652335575767,5.641962034598282,1.0
49.50951430465467,5.173682236041758,5.394942923338567,4.526225139821686,11.232474581325514,87.26479493150586,5.410921660566973,5.655106104548094,0.0
86.4504183968135,4.924011607288265,4.066406217582733,4.13330408112138,40.281892617563564,24.987006009444002,5.803548057092457,4.237418191018223,1.0
59.53122046645809,4.984232586159076,4.436507775730128,5.214188072177562,13.103084821045474,74.50494255320412,4.30965722519544,5.483282903672085,0.0
89.57354686577595,5.642514609344026,4.5833251574186065,4.788952557140071,41.43907957067765,23.244164735630513,5.377263258615751,4.233166149111393,1.0
44.65456697831104,4.464425390293634,5.522047981885998,4.832307996359523,10.68440709242626,81.51785627597269,5.404292192363659,4.013755924439298,0.0
41.07269583041662,4.173840576174848,5.41672595343007,4.072320761049524,10.060470431839784,69.29075133315567,5.260494438912316,5.538897788164094,0.0
51.442459274444126,4.112750993301854,4.638200946486512,5.606051795665326,12.41165214307762,81.78254554451551,5.342958297334414,5.935522930539124,0.0
58.30003075495054,4.279544753252579,4.795188795925588,5.018844256299579,11.23449865810355,77.49921744552614,4.483073683403363,4.123616921378446,0.0
89.75356206580938,4.778591228083953,5.315690609206072,4.767665903866088,44.45715108441024,20.436720704602198,5.198604232278876,5.166504784625113,1.0
90.03724546962302,5.969682397924669,4.1602296927693505,5.3206054394026765,38.40961973642989,8.3307702699454,5.445475504477609,5.38402251189331,1.0
59.938988348233394,5.24061910270693,5.25501092643674,5.800046246796022,18.596453453526067,70.410070062366,5.902846441691132,4.919168114427246,0.0
54.586196009544125,4.303805387024589,4.463343402766887,5.435195531316353,12.739880994699718,63.5763132852172,4.506203078359217,4.3928384317440345,0.0
40.12928715579421,5.627590039413898,5.464449772819123,4.682495655252312,15.088940700698803,70.20013158179677,5.249748199213998,4.060052010658786,0.0
93.3653303677818,4.496978279628932,4.6207239178471475,4.196165161568489,43.67702097919239,23.81501718468922,4.838543322332044,5.0629098283786105,1.0
54.83955459027972,5.78105456147979,5.757259972710316,5.510540840993616,10.805808122865136,86.39513243824403,4.736897839833158,4.308984408009851,0.0
91.49259881585759,4.848261342604772,5.418121038901833,4.6994064594916996,43.34973785682962,12.56631214330519,4.440222651809506,4.519341677900828,1.0
90.14540068885037,5.282295265770594,4.997776306902712,5.681743158851845,37.92655097667408,9.700625976238372,5.58311640518274,5.79677293316807,1.0
92.65690197019661,4.904435881779614,4.996391432906278,4.585644073401929,39.3913066080485,15.695989325623849,5.342314946759378,4.442477392892128,1.0
53.42025961065819,4.373134048102612,4.012771743433667,4.232732795770952,17.59823658428388,66.1060462166069,5.528881456151009,4.049943324234099,0.0
43.91425280199298,5.6197488917092695,4.891805412753497,4.432076365019199,16.347441411040293,73.03592889913486,5.49671170733148,4.554929359449908,0.0
55.0422866539395,4.8236818282945375,5.589619097499859,4.91960084753864,17.486087085818323,82.68576702320341,5.387899181020313,5.2453790818995945,0.0
85.82449460259733,5.0747912058758455,5.951730511638263,5.287808507082262,41.47342134373091,8.479274118066773,5.563919954315918,4.418118747413692,1.0
87.142214567093,4.109523277644063,4.163259964061179,5.249327137708527,43.363785774103995,23.575268424109847,5.608989284863645,5.641392321533559,1.0
87.76452095425148,5.172459664033594,4.26543150808612,5.474867537442972,41.49556006756962,18.257195752693313,5.754700906265677,4.134468360181122,1.0
51.01063361192451,4.090437340212379,5.411150345031377,4.391555971367092,15.383949792869576,65.89460900868633,5.242584898099221,5.705094842491941,0.0
40.21430595390718,4.559958187320568,4.135674118210344,4.974123837637872,15.689554832818509,70.9021179599828,4.707578317472872,4.774645035950628,0.0
48.21365266020565,4.294146961858075,4.768653294319363,4.047277172092673,16.912466637859893,78.42558732957033,5.893467457846791,4.390333034437301,0.0
59.22833239284099,4.7957111980914835,4.213961277653917,4.8059603575303225,12.26978539471521,62.601197027869205,5.763381223687016,4.759503045838635,0.0
85.13630552426824,4.208217163969148,4.516266865402255,5.522243074086316,36.882321997690454,24.912903533486986,4.519152898550098,4.440892008490838,1.0
46.57645235697218,5.065234532910046,5.702413828097537,4.798631831618616,13.42929662759196,78.09639186298513,5.485762987335878,5.841479300685271,0.0
57.585591123140134,5.79353084925285,5.962372356054847,5.755948640890139,17.379277689988,76.96247819257614,4.5204731959704585,4.0992287466776745,0.0
96.42834841566226,5.152576720333626,4.103942567302945,4.706502817004129,44.429827840711354,10.434351977963594,5.118118569893205,5.637480458968102,1.0
90.56460568888254,4.363856260990542,5.818065041331282,4.329629631458874,37.43179980264226,9.660379287936696,4.5390237245845455,5.351645850208147,1.0
96.6659186510169,5.4380918103684905,5.954348368442634,4.368952506267279,36.88302524917106,23.155224873003572,4.910343983467313,4.612865645406743,1.0
86.24834599312109,4.669811229314172,4.250371584405101,4.482402915199083,39.92001729432083,20.61398608343257,4.234407811360467,5.382111625478523,1.0
92.20839911254401,5.588050378540592,4.860611789798925,5.603074223765979,36.81763597761194,12.656667895368706,4.2856839296286635,4.381219666148899,1.0
95.73977040312586,4.515775370866405,5.735836589040044,4.129707188965937,36.75890283418662,22.849381879040234,5.173873013117814,4.240775157578178,1.0
53.434177184881214,4.256091677915545,5.982337252273953,4.856399229851229,10.398114394457538,77.30423758914768,5.165852113608526,4.252004055727989,0.0
41.63149851222732,4.901088270620187,4.130712681597885,4.362876695391254,14.9295697165586,81.82893413099066,4.135005093367644,5.347988416291461,0.0
92.72750542579882,4.801526121750652,5.466226044830562,5.969339479049016,39.21300881633365,19.361363224017218,5.878136958900583,4.211748636426258,1.0
95.39380343837183,5.456377512407206,4.64917165980054,4.266959944831887,41.77124263482564,7.861239054468047,5.166381608554195,5.6346106244264735,1.0
94.93476870309374,4.8696546772074925,5.390934413379725,4.9929223047106,37.661013685373085,23.645337678419445,4.1039787039554145,4.90011727885245,1.0
90.20438425566378,4.541489346287108,4.3619539054189795,4.427022732621344,44.11120501391957,9.734409517076658,5.1906065318549786,4.363557734434724,1.0
48.14731048425665,4.052733948994504,5.850496634831332,4.015125749956284,19.92135639478583,66.35237586157258,4.668099931337538,5.875930462867789,0.0
49.16057233167737,5.191277481215689,4.902774048659351,4.122699254221336,12.040643885466006,66.56315125232639,5.347290834949815,5.432099946484289,0.0
85.96142066554263,5.051380364605372,5.333728515092209,5.20697533319291,37.11714372147971,24.76027924130843,4.884587610902271,4.44535215824617,1.0
46.41709085499687,5.8590582884956515,4.441539225577521,5.989732634339534,12.160314403930723,78.2463413029934,4.23510260030044,4.623758871527451,0.0
59.654790818207715,4.962280203709635,4.260172480261264,5.099059071790034,18.450396488966426,68.48296371180295,4.785461486542832,4.530992814858145,0.0
50.22227276979001,4.7121934517956925,5.651633501129526,5.201188666721235,18.84478727596759,78.49865934495826,4.887838909012755,5.019708019100915,0.0
41.07661049816918,5.799149146549137,5.2524406432628306,4.962688303270648,18.97397318321586,77.46210393372671,4.3433878154109,4.424894554390946,0.0
47.404643713691534,4.177405067514111,5.855504566390426,4.709992611663875,13.425910828111318,69.97280076523096,4.8680419454175174,4.557286126230073,0.0
89.6925129628633,5.873659478649516,5.476898418502653,5.663394087351547,39.229435437415574,9.018226793710449,5.558205172791574,5.088397325007405,1.0
42.76250586280494,5.808317388987497,4.709244315281553,5.247718649353146,18.88191349661304,87.61607655307664,4.501786091382205,5.554098571303513,0.0
85.73941739146625,5.104094361703961,5.062339056002064,4.897221261909085,41.1828502101372,15.34544339508621,5.567476502150473,5.931494419639495,1.0
97.87484408318286,4.59424343124635,4.813815921445741,4.724470883304576,38.03735046225099,6.748336157421678,5.335521183206306,4.080516006018464,1.0
98.3113680305554,4.901678742808264,4.678900385085612,4.348218670668169,37.75098881559124,17.59367190518406,4.739148398853546,4.1006990539387065,1.0
88.57434505829637,4.443944323865899,5.185901702869855,5.130043985718032,35.91353242723556,14.758003905586037,5.397897656974771,4.462761272753696,1.0
91.68276721739741,5.305492215703749,5.5469462513732015,4.018663239654186,40.87798449371685,16.31703574821344,4.486793366437061,5.832841089064132,1.0
97.62433011314161,5.828597613120998,5.409361525473294,5.650098820360125,44.117851123817715,9.241624749547555,5.193703753775519,4.320451201953013,1.0
48.15556068812325,4.820793653979323,5.268011406199223,5.580060872614123,10.496059083494828,73.37476649481049,4.1409838912862895,5.216639000015544,0.0
55.510105934379986,5.858751978255172,4.2050194559813585,4.265049345483697,14.890484004492832,82.54269952593907,5.0300113194194465,5.354786259777746,0.0
48.30291307985492,4.126749940945535,4.977286380809332,4.8790233772658205,14.503503857807928,89.29852911945028,5.3538815659936745,5.894322925800496,0.0
97.79975779999879,5.129682266525233,4.553655594470103,5.683997105780123,39.49037760369961,5.399458651560563,5.6436618931707185,4.806415512266504,1.0
89.99094214765569,5.444505136786132,5.973325186534293,4.875206248110784,35.81447212891159,7.9219313108264044,4.97018931995908,5.133210517810926,1.0
89.408751407574,5.541824407491644,4.240418110741217,5.605286619591421,38.540645623550944,5.339382586309329,5.145214465764045,5.611297610726684,1.0
93.68970104182691,5.834627150924486,5.238980692019229,5.913229242166916,41.742935737000245,15.064408297172688,5.725993662717745,4.668802357977498,1.0
46.243794731382586,4.691334566647726,5.025377022033017,4.2082192987683325,10.43100108948324,63.539174508841846,5.679603213328853,5.158628933323875,0.0
89.74685696311624,4.904879032265387,5.438403556544528,5.203763179272644,38.62293490000205,14.490671252448815,5.484506374398174,5.616811477787381,1.0
89.22737504943208,4.306702806232161,4.793846552403192,4.300338001634083,36.067118191023546,10.303414823667111,4.133947224050543,4.429391774926711,1.0
90.767737205594,4.746618632559506,5.942790188083279,5.63557065971389,36.01878764139556,9.215261988598124,4.437431225995855,4.790518630862316,1.0
98.90361343218797,4.249325362406534,5.095184752307473,4.530092856650008,37.635514794967776,21.416980185262574,5.417531310458308,4.453043252072211,1.0
89.81495568461347,4.518846866862585,5.170708728793504,4.653863232676159,44.62732583861139,9.409409619987397,4.4829929705137355,5.146084401238031,1.0
52.98757640473245,5.343146391185599,4.048801563113076,5.100453084312523,17.831614309236972,75.85969811967827,4.693048335905436,4.969075990160022,0.0
90.58065351718311,4.409968590831642,5.657766731765219,5.46614259205935,37.74212889124147,9.916371740451492,5.992315346997557,5.648943035209098,1.0
99.37207179706743,4.362870870179595,4.073342853867086,5.521981520056188,37.05881988178321,7.587612339334018,5.997785224066581,5.830121465034445,1.0
41.82843983634277,5.8654569667080265,5.8881186793732265,5.91104739190987,17.545693612057367,76.0604330418497,4.613553199044283,5.950686266958141,0.0
88.0599190541408,4.303349759465503,4.537986808870196,4.908754669119922,36.33284258082173,20.24259240900649,4.408632766797941,4.239782186945424,1.0
92.1547508892648,5.86873402953803,5.428173864264855,5.322741222140829,36.12503130526632,11.844510495578092,4.745066547519102,4.862467739583115,1.0
51.985985740127774,5.396323428039491,4.370265857677239,5.038163570272436,13.412444497577205,71.80906560832327,5.345405988417796,4.573039097854246,0.0
44.39269857189138,5.148946226359824,4.839454633852244,5.384322683388264,12.5217287749553,71.99949054880706,4.331496353930442,4.7450178631069315,0.0
